,author_id,public_metrics,text,created_at,id
0,1088261225153060864,"{'retweet_count': 1, 'reply_count': 0, 'like_count': 2, 'quote_count': 0}","ğŸ§‘â€ğŸ“Los emprendedores y profesionales digitales del futuro han venido a visitarnos hoy

Los alumnos de @TheBridge_Tech han visto cÃ³mo trabaja un fondo VC y han mostrado su interÃ©s por conocer quÃ© grandes desafÃ­os resuelven nuestras #startups #deeptech 

Mucho #talento en el Ãgora https://t.co/FaCriTMOGw",2022-07-13T14:45:06.000Z,1547230643561664515
1,1232276995796586499,"{'retweet_count': 1, 'reply_count': 0, 'like_count': 3, 'quote_count': 0}","Hoy hemos tenido una sÃºper visita a nuestras oficinas @TheBridge_TechğŸ‘‰primera Aceleradora de Talento Digital. 
Hemos podido presentar @GoHubVentures  y compartir nuestros HQ con 26 de sus estudiantes y profesores
Con muchas ganas de seguir colaborando con ellos en el futuro! https://t.co/g9MzrP2hdq",2022-07-13T13:22:40.000Z,1547209900874506241
2,1162694149956603904,"{'retweet_count': 2, 'reply_count': 0, 'like_count': 0, 'quote_count': 0}",Â¡Descubre la experiencia de Dani! â–¶ Dani estudiÃ³ una #fp en #desarrolloweb pero tenÃ­a claro que querÃ­a especializarse en #ciberseguridad ğŸ‘¾y realizÃ³ el #bootcamp en @TheBridge_Tech Â¡Fue complemento perfecto para conseguir un empleo en el sector!ğŸ¯ https://t.co/eimTUd6rUc,2022-07-12T11:22:45.000Z,1546817334882476032
3,1085383992,"{'retweet_count': 0, 'reply_count': 0, 'like_count': 0, 'quote_count': 0}",#VentureCapital/#PrivateEquity: @TheBridge_Tech cierra una ronda de â‚¬5M liderada por Atitlan https://t.co/iDnOZ5z5g8,2022-07-11T07:34:21.000Z,1546397466517540866
4,27890913,"{'retweet_count': 0, 'reply_count': 0, 'like_count': 0, 'quote_count': 0}","#Inversiones ğŸ’°ğŸ’°

@TheBridge_Tech ha cerrado una ronda de 5Mâ‚¬ ğŸ‘€

PRINCIPAL INVERSOR
âœ”#Atitlan 

â¬‡â¬‡
https://t.co/2owefjS98d",2022-07-07T10:16:04.000Z,1544988613129261056
5,190658967,"{'retweet_count': 1, 'reply_count': 0, 'like_count': 0, 'quote_count': 0}","#SAVETHEDATE ğŸš©| @TheBridge_Tech pone en marcha un #bootcamp orientado a formar en dos de las disciplinas que mÃ¡s estÃ¡n creciendo en EspaÃ±a: #Cloud #Computing &amp; #DevOpsâ˜ï¸

ğŸ“†12 de septiembre
ğŸ•” Full-time
â¬‡ï¸ https://t.co/FJ1IzSpro2",2022-07-06T08:12:00.000Z,1544595001086283778
6,89141857,"{'retweet_count': 0, 'reply_count': 0, 'like_count': 0, 'quote_count': 0}","ğŸ¤ğŸ¼ @ceeivalencia y @TheBridge_Tech, primera aceleradora de talento digital, firman un convenio de colaboraciÃ³n: https://t.co/8neFc4j8i4

ğŸ¯ Complementar la formaciÃ³n tÃ©cnica del nuevo talento, entre sus principales objetivos.",2022-07-05T17:30:15.000Z,1544373102997655552
7,196056785,"{'retweet_count': 2, 'reply_count': 0, 'like_count': 2, 'quote_count': 0}","ğŸ“² ""De aquÃ­ al 2025 se van a crear 400.000 #empleos en el Ã¡mbito #tecnolÃ³gico y para cubrirlos serÃ¡ necesaria una #formaciÃ³n especÃ­fica como el modelo #bootcamp"", asegura Noya FernÃ¡ndez desde 
@TheBridge_Tech. https://t.co/OOo9BTkLKH",2022-07-05T08:07:03.000Z,1544231368896532480
8,196056785,"{'retweet_count': 2, 'reply_count': 0, 'like_count': 2, 'quote_count': 0}",ğŸ”´ Todo preparado en @TheBridge_Tech para la presentaciÃ³n de la nueva metodologÃ­a de employer branding 5.0 de ATREVIA para ayudar a las empresas a captar #talento. https://t.co/8jYPDDvni2,2022-07-05T07:37:01.000Z,1544223809112350723
9,89141857,"{'retweet_count': 0, 'reply_count': 0, 'like_count': 2, 'quote_count': 0}","ğŸ¤ğŸ¼ @ceeivalencia y @TheBridge_Tech, primera aceleradora de talento digital, firman un convenio de colaboraciÃ³n: https://t.co/8neFc4j8i4

ğŸ¯ Complementar la formaciÃ³n tÃ©cnica del nuevo talento, entre sus principales objetivos.",2022-07-02T07:30:07.000Z,1543134908935200769
10,1018473762902114304,"{'retweet_count': 0, 'reply_count': 0, 'like_count': 0, 'quote_count': 0}","@HeavyMental_es @TheBridge_Tech Por favor, a ver si podeis empezar a mejorar el sonido. Muchas veces el primer paso es mÃ¡s de la mitad del camino",2022-07-01T17:52:23.000Z,1542929123546464261
11,874916978665938945,"{'retweet_count': 0, 'reply_count': 0, 'like_count': 4, 'quote_count': 0}","Atitlan liderarÃ¡ la ronda de financiaciÃ³n de 5 millones de euros de la escuela @TheBridge_Tech ğŸ’°

La empresa de formaciÃ³n de #talento ha irrumpido en el sector de la educaciÃ³n poniendo el foco en la #digitalizaciÃ³n y las nuevas tecnologÃ­as ğŸ“š
https://t.co/YoTetHhIKx",2022-07-01T15:09:00.000Z,1542888003965689858
12,604485175,"{'retweet_count': 1, 'reply_count': 1, 'like_count': 5, 'quote_count': 0}","Adeus rÃ­os, adeus fontes...TerriÃ±a, volvo pronto. Madrid allÃ¡ voy! Ya se ve cerca el final del bootcamp y voy a terminarlo de forma presencial. Un mes, un Ãºltimo empujÃ³n. @TheBridge_Tech",2022-07-01T07:55:46.000Z,1542778977718341632
13,284115545,"{'retweet_count': 2, 'reply_count': 0, 'like_count': 4, 'quote_count': 1}","ğŸ“¢Nos alegra muchÃ­simo contaros esta gran noticia: tendremos el placer de contar con @TheBridge_Tech, un acuerdo que nos permitirÃ¡ ofrecer mÃ¡s herramientas para acelerar el talento digital a nuestras #startups ğŸ‘

@AmparoGalbis1 @RamonCEEIVLC 
https://t.co/Mkhinty1B6",2022-06-30T10:50:25.000Z,1542460541800783872
14,12085582,"{'retweet_count': 0, 'reply_count': 0, 'like_count': 1, 'quote_count': 0}",@NadaQueGanarPod Estais invitados desde ya a hacer el primero de la prÃ³xima en @TheBridge_Tech y no se que lios os traeis con @_miki pero si quereis combo hay hueco,2022-06-30T10:04:09.000Z,1542448899645968384
15,1073622740,"{'retweet_count': 0, 'reply_count': 0, 'like_count': 1, 'quote_count': 0}","ğŸ¤ Gracias al convenio firmado con @TheBridge_Tech trabajaremos de forma conjunta en la realizaciÃ³n de cursos, jornadas, actividades formativas, foros de discusiÃ³n y asesoramiento mutuo en las acciones desarrolladas por ambas entidades. 

https://t.co/gNPhADnlkk",2022-06-30T07:51:21.000Z,1542415478618050560
16,1437833350732034050,"{'retweet_count': 0, 'reply_count': 0, 'like_count': 1, 'quote_count': 0}","Hoy master class de 
@figma
 y UIX en @TheBridge_Tech 
https://t.co/fybYqXpUL6",2022-06-30T07:45:02.000Z,1542413891124301826
17,14661878,"{'retweet_count': 0, 'reply_count': 0, 'like_count': 1, 'quote_count': 0}",@HeavyMental_es @TheBridge_Tech Buscando el pollo ğŸ£,2022-06-29T20:07:27.000Z,1542238336894603265
18,10671232,"{'retweet_count': 0, 'reply_count': 0, 'like_count': 3, 'quote_count': 0}",@carlosmdh @HeavyMental_es @UbaldoHervas @DavidAlayon @Recuenco @GuillermoDeHaro @TheBridge_Tech https://t.co/Ig6QQ9fk47,2022-06-29T19:16:35.000Z,1542225533546762243
19,40046861,"{'retweet_count': 0, 'reply_count': 1, 'like_count': 4, 'quote_count': 0}","@HeavyMental_es @UbaldoHervas @DavidAlayon @Recuenco @_miki @GuillermoDeHaro @TheBridge_Tech Te me tienes que cuidar ehhhh

y por cierto, colleja por venir a Madrid, hacer un podcast en directo y no avisarme

Capullo!!!
ğŸ¤£ğŸ¤£ğŸ¤£ğŸ¤£",2022-06-29T19:16:03.000Z,1542225403242332161
20,1255794072280842240,"{'retweet_count': 0, 'reply_count': 1, 'like_count': 3, 'quote_count': 0}",@carlosmdh @UbaldoHervas @DavidAlayon @Recuenco @_miki @GuillermoDeHaro @TheBridge_Tech Yes!! ;) ;),2022-06-29T19:12:24.000Z,1542224482710028291
21,40046861,"{'retweet_count': 0, 'reply_count': 1, 'like_count': 3, 'quote_count': 0}",@HeavyMental_es @UbaldoHervas @DavidAlayon @Recuenco @_miki @GuillermoDeHaro @TheBridge_Tech El segundo por la derecha de la primera fila es mikki?,2022-06-29T19:10:52.000Z,1542224097089822726
22,1437833350732034050,"{'retweet_count': 0, 'reply_count': 0, 'like_count': 0, 'quote_count': 0}",No todo va a ser trabajar!! Equipo UCuber #TheBridge @TheBridge_Tech  #FullStack #javascript30 https://t.co/u6K9rWwoqb,2022-06-29T18:09:38.000Z,1542208686881390592
23,1255794072280842240,"{'retweet_count': 3, 'reply_count': 2, 'like_count': 23, 'quote_count': 3}",El sentido de la vida ya no es 42 -- Light Mental ediciÃ³n especial @TheBridge_Tech https://t.co/z7hOVln8Bp,2022-06-29T18:00:06.000Z,1542206287915585536
24,3319318173,"{'retweet_count': 3, 'reply_count': 1, 'like_count': 9, 'quote_count': 1}","We had a great time yesterday at #TechTalks, talking to all the motivated and ambitious students from the CEU Cardenal Herrera in #ValenciağŸ™Œ

Our #IoT #business #vision and our solution/ front-end development were the main topicsğŸ’ª

Thank you @TheBridge_Tech! 
ğŸš€ğŸš€ğŸš€ https://t.co/cqTiiRyEkA",2022-06-29T14:22:55.000Z,1542151630128381953
25,3175666499,"{'retweet_count': 1, 'reply_count': 0, 'like_count': 3, 'quote_count': 0}",#Atitlan invierte en una una ronda de financiaciÃ³n de 5 millones de euros en @TheBridge_Tech  https://t.co/7eN3zLMYpg a travÃ©s de @elEconomistaes,2022-06-29T12:34:08.000Z,1542124257114734595
26,1434890317640126469,"{'retweet_count': 0, 'reply_count': 0, 'like_count': 3, 'quote_count': 0}",@fernandojsg @HeavyMental_es @DavidAlayon @Recuenco @_miki @GuillermoDeHaro @TheBridge_Tech Y queremos.,2022-06-28T19:02:45.000Z,1541859665570664448
27,144581964,"{'retweet_count': 0, 'reply_count': 0, 'like_count': 8, 'quote_count': 1}",@HeavyMental_es @DavidAlayon @Recuenco @_miki @GuillermoDeHaro @TheBridge_Tech Mens sana in corpore sano https://t.co/PJJ7Eg0KPQ,2022-06-28T18:24:37.000Z,1541850071456792578
28,144581964,"{'retweet_count': 0, 'reply_count': 2, 'like_count': 16, 'quote_count': 1}","@HeavyMental_es @DavidAlayon @Recuenco @_miki @GuillermoDeHaro @TheBridge_Tech Recuenco, el hÃ©roe que no merecemos, pero el que necesitamos... https://t.co/ajOJwjO5BD",2022-06-28T18:21:52.000Z,1541849377177747456
29,427660452,"{'retweet_count': 0, 'reply_count': 0, 'like_count': 3, 'quote_count': 0}","@GuillermoDeHaro @Mulder01198676 @HeavyMental_es @DavidAlayon @Recuenco @_miki @TheBridge_Tech Jajajaja lo voy a buscar solo para darle laik, errete y suscribirme. 

Puto genio Mulder",2022-06-28T17:07:39.000Z,1541830701863034880
30,317352917,"{'retweet_count': 0, 'reply_count': 0, 'like_count': 3, 'quote_count': 0}","@HeavyMental_es @DavidAlayon @Recuenco @_miki @GuillermoDeHaro @TheBridge_Tech Yo no pude ir...ğŸ˜­ğŸ˜­ğŸ˜­ğŸ˜­ğŸ˜­ Por tema serio.. Felicidades!!!! Os lo merecÃ©is, locos maravillosos de @HeavyMental_es! @_miki, @davidalayon y @Recuenco ğŸ‘ğŸ»ğŸ‘ğŸ»ğŸ‘ğŸ»ğŸ‘ğŸ» la vida es mÃ¡s vida y salvaje mental  gracias a vosotros. 
Esperando merchandising para verano!! https://t.co/gwG9cndOaA",2022-06-28T16:50:57.000Z,1541826498650406913
31,276656109,"{'retweet_count': 0, 'reply_count': 0, 'like_count': 2, 'quote_count': 0}","@didacjo1 @_miki @samuelgil He de decir que luego pusieron cervezas, pero porque se estiraron los de @TheBridge_Tech... para el prÃ³ximo evento @HeavyMental_es lo del currasco tiene que estar sÃ­ o sÃ­ https://t.co/euwFxXpDNs",2022-06-28T16:14:57.000Z,1541817440207884288
32,271028835,"{'retweet_count': 3, 'reply_count': 0, 'like_count': 5, 'quote_count': 0}","La empresa de formaciÃ³n de talento y competencias digitales, @TheBridge_Tech , acaba de anunciar una ronda de financiaciÃ³n por un total de 5 millones de euros liderada por Atitlan https://t.co/AProTjb79k",2022-06-28T14:59:31.000Z,1541798453923221508
33,1482505294232043523,"{'retweet_count': 0, 'reply_count': 0, 'like_count': 2, 'quote_count': 0}",@HeavyMental_es @DavidAlayon @Recuenco @_miki @GuillermoDeHaro @TheBridge_Tech No os olvidÃ©is de cargar bien la pala que llega la recesiÃ³n https://t.co/RGJccI8lSY,2022-06-28T13:37:58.000Z,1541777929968967683
34,803255406,"{'retweet_count': 0, 'reply_count': 0, 'like_count': 2, 'quote_count': 0}",@GuillermoDeHaro @Mulder01198676 @HeavyMental_es @DavidAlayon @Recuenco @_miki @TheBridge_Tech Siempre se puede firmar el pollo en lugar de la pata. Ya tÃº sabeh,2022-06-28T13:09:30.000Z,1541770768123658243
35,803255406,"{'retweet_count': 0, 'reply_count': 0, 'like_count': 2, 'quote_count': 0}","@Mulder01198676 @GuillermoDeHaro @HeavyMental_es @DavidAlayon @Recuenco @_miki @TheBridge_Tech Jajaja, eso espero, sÃ­",2022-06-28T13:08:58.000Z,1541770632991764480
36,1493264171705765890,"{'retweet_count': 0, 'reply_count': 1, 'like_count': 5, 'quote_count': 0}",@moquintana @GuillermoDeHaro @HeavyMental_es @DavidAlayon @Recuenco @_miki @TheBridge_Tech Ups!!! Lo siento @moquintana en nada estas haciendo nuevas excursiones por la jungla! ğŸ’ªğŸ¼ğŸ˜ƒ,2022-06-28T13:08:09.000Z,1541770429097975815
37,803255406,"{'retweet_count': 0, 'reply_count': 1, 'like_count': 4, 'quote_count': 0}",@Mulder01198676 @GuillermoDeHaro @HeavyMental_es @DavidAlayon @Recuenco @_miki @TheBridge_Tech Poca broma con lo de romperse las piernas. Â¡Ains!,2022-06-28T13:07:02.000Z,1541770149031809024
38,1493264171705765890,"{'retweet_count': 0, 'reply_count': 1, 'like_count': 3, 'quote_count': 0}","@GuillermoDeHaro @moquintana @HeavyMental_es @DavidAlayon @Recuenco @_miki @TheBridge_Tech Fimarme las patas, me suena a romperme las piernas y firmarme la escayoala! en quÃ© estais pensando??? https://t.co/RwITuAdVOU",2022-06-28T12:59:36.000Z,1541768275146719233
39,1493264171705765890,"{'retweet_count': 0, 'reply_count': 0, 'like_count': 4, 'quote_count': 0}",@moquintana @GuillermoDeHaro @HeavyMental_es @DavidAlayon @Recuenco @_miki @TheBridge_Tech Por supuesto! ğŸ˜‰,2022-06-28T12:50:15.000Z,1541765922775498756
40,803255406,"{'retweet_count': 0, 'reply_count': 2, 'like_count': 6, 'quote_count': 0}","@Mulder01198676 @GuillermoDeHaro @HeavyMental_es @DavidAlayon @Recuenco @_miki @TheBridge_Tech Â¡AhÃ­, ahÃ­, nuestro libro jugando con la primera liga! 
En cuanto a la firma, por supuesto que sÃ­. Te podemos firmar la mesa, tambiÃ©n ğŸ¤£",2022-06-28T12:48:40.000Z,1541765527051304960
41,779234238977675264,"{'retweet_count': 0, 'reply_count': 0, 'like_count': 2, 'quote_count': 0}","@Recuenco @PauMugarra @HeavyMental_es @DavidAlayon @_miki @GuillermoDeHaro @TheBridge_Tech La edad no perdona, en cuclillas te caÃ­as...y te has tenido que sujetar, con cierto estilo, lo reconozco. Enhorabuena por la jornada",2022-06-28T11:54:26.000Z,1541751877213331459
42,1493264171705765890,"{'retweet_count': 1, 'reply_count': 1, 'like_count': 6, 'quote_count': 0}","@GuillermoDeHaro @HeavyMental_es @DavidAlayon @Recuenco @_miki @TheBridge_Tech Pues ya tengo para las otras 3 patas ğŸ¤£
 
@DavidAlayon @moquintana teneis una firma pendiente para uno de estos ğŸ˜‰ https://t.co/sXd1RPXmTi",2022-06-28T11:53:07.000Z,1541751543770357763
43,1493264171705765890,"{'retweet_count': 0, 'reply_count': 1, 'like_count': 3, 'quote_count': 0}","@HeavyMental_es @DavidAlayon @Recuenco @_miki @GuillermoDeHaro @TheBridge_Tech Joder, estoy encantado de haber sido el mÃ¡s tonto de ESA habitaciÃ³n! https://t.co/NDcYvsfaKV",2022-06-28T11:46:04.000Z,1541749770208911360
44,147255980,"{'retweet_count': 0, 'reply_count': 0, 'like_count': 5, 'quote_count': 0}","@HeavyMental_es @DavidAlayon @Recuenco @_miki @GuillermoDeHaro @TheBridge_Tech Recuenco haciendo Break dance, lo prÃ³ximo beatbox",2022-06-28T11:01:38.000Z,1541738588190216198
45,401397656,"{'retweet_count': 0, 'reply_count': 0, 'like_count': 2, 'quote_count': 0}",@PauMugarra @HeavyMental_es @DavidAlayon @Recuenco @_miki @GuillermoDeHaro @TheBridge_Tech Nunca dejarÃ¡ de ser el Enfant terrible,2022-06-28T10:47:39.000Z,1541735069995376640
46,276656109,"{'retweet_count': 0, 'reply_count': 0, 'like_count': 12, 'quote_count': 0}",@HeavyMental_es @DavidAlayon @Recuenco @_miki @GuillermoDeHaro @TheBridge_Tech Recuenco pose https://t.co/5likSnfZUI,2022-06-28T08:43:08.000Z,1541703736749424641
47,1255794072280842240,"{'retweet_count': 0, 'reply_count': 1, 'like_count': 1, 'quote_count': 0}",@Mulder01198676 @PauMugarra @DavidAlayon @Recuenco @_miki @GuillermoDeHaro @TheBridge_Tech SÃ­ a todo,2022-06-28T07:50:34.000Z,1541690507600056320
48,1493264171705765890,"{'retweet_count': 0, 'reply_count': 1, 'like_count': 5, 'quote_count': 0}",@PauMugarra @HeavyMental_es @DavidAlayon @Recuenco @_miki @GuillermoDeHaro @TheBridge_Tech Aterrizaje de superheroe. https://t.co/eogE03ZSwR,2022-06-28T07:19:59.000Z,1541682809370300417
49,1043115222,"{'retweet_count': 0, 'reply_count': 0, 'like_count': 4, 'quote_count': 0}",@Recuenco @PauMugarra @HeavyMental_es @DavidAlayon @_miki @GuillermoDeHaro @TheBridge_Tech https://t.co/nvnvqHVF9u,2022-06-28T07:13:03.000Z,1541681065802309632
50,7154412,"{'retweet_count': 0, 'reply_count': 2, 'like_count': 1, 'quote_count': 0}",@PauMugarra @HeavyMental_es @DavidAlayon @_miki @GuillermoDeHaro @TheBridge_Tech Que intentaba no tapar a nadie de detrÃ¡s.,2022-06-28T06:55:17.000Z,1541676593323573249
51,15993641,"{'retweet_count': 1, 'reply_count': 0, 'like_count': 3, 'quote_count': 0}","@Recuenco Que guay, supervisora de lujo y buen sitio. Saludos a los amigos de @TheBridge_Tech @nodosenlared",2022-06-28T06:51:45.000Z,1541675702487072768
52,1003872445,"{'retweet_count': 0, 'reply_count': 3, 'like_count': 2, 'quote_count': 0}",@HeavyMental_es @DavidAlayon @Recuenco @_miki @GuillermoDeHaro @TheBridge_Tech QuÃ© le pasa a Javier en la foto? Esa pose no es normal ğŸ™ˆ,2022-06-28T06:48:31.000Z,1541674892390719490
53,212364786,"{'retweet_count': 0, 'reply_count': 0, 'like_count': 10, 'quote_count': 0}","Gracias @HeavyMental_es por la elocuencia de @Recuenco, la disciplina de @DavidAlayon, y la perfecta felicidad de @_miki para crear el Ã¡gora en @TheBridge_Tech: @GuillermoDeHaro @jatorrero @PedroAeriaa @mevasjimenez @joobid @marianosarmient @fyustas1 @_sergiosanjuan y otros 42ğŸ‘ https://t.co/iPKI9axebY",2022-06-27T23:23:58.000Z,1541563017241976835
54,1255794072280842240,"{'retweet_count': 0, 'reply_count': 0, 'like_count': 3, 'quote_count': 0}",@Bombabarros @Mulder01198676 @_miki @Recuenco @DavidAlayon @GuillermoDeHaro @moquintana @TheBridge_Tech Gracias por venir y buen viaje de vueltaâ€¦ eres top!!,2022-06-27T23:05:58.000Z,1541558488001822725
55,230190180,"{'retweet_count': 1, 'reply_count': 1, 'like_count': 6, 'quote_count': 0}","@HeavyMental_es @Mulder01198676 Resultado apabullante de los locales, el pÃºblico enloqueciÃ³ con el juego de su equipo y no dejaron de animar hasta que fueron desalojados.
MuchÃ­simas gracias!!!
@HeavyMental_es @_miki
@Recuenco @DavidAlayon @GuillermoDeHaro
@moquintana
@TheBridge_Tech https://t.co/osw6AlqUgq",2022-06-27T23:02:57.000Z,1541557726777692161
56,276656109,"{'retweet_count': 1, 'reply_count': 0, 'like_count': 8, 'quote_count': 0}",@designetworking @GuillermoDeHaro @HeavyMental_es @Recuenco @TheBridge_Tech Pero debo reconocer que el premio por preguntar sobre la influencia de El Pollo Pepe en la obra literaria de @Recuenco y @GuillermoDeHaro ha merecido la pena. @HeavyMental_es fidelis ğŸ¤˜ https://t.co/0bmUpQuoBN,2022-06-27T20:46:24.000Z,1541523364094906370
57,212364786,"{'retweet_count': 0, 'reply_count': 0, 'like_count': 1, 'quote_count': 0}","@joobid @GuillermoDeHaro @HeavyMental_es @Recuenco @TheBridge_Tech InspiraciÃ³n para innovar. La clave no es quien inventa, si no, quiÃ©n traduce a la masa citando a quien inventa.",2022-06-27T18:59:33.000Z,1541496472541315073
58,276656109,"{'retweet_count': 2, 'reply_count': 2, 'like_count': 11, 'quote_count': 0}","@designetworking @GuillermoDeHaro @HeavyMental_es @Recuenco @TheBridge_Tech Alguien tenÃ­a que preguntarlo. No quiero hablar de plagio, que es palabra gruesa, pero buena parte de los fundamentos del libro de @GuillermoDeHaro y @Recuenco estaba ya en El Pollo Pepe. Y lo saben https://t.co/Jtt4XVIsCT",2022-06-27T18:53:12.000Z,1541494873265676289
59,212364786,"{'retweet_count': 0, 'reply_count': 0, 'like_count': 3, 'quote_count': 0}",Primera micro clase de un profe de @TheBridge_Tech a los @HeavyMental_es &amp; @GuillermoDeHaro https://t.co/r9T6R29Sg2,2022-06-27T18:49:06.000Z,1541493843316580354
60,212364786,"{'retweet_count': 1, 'reply_count': 1, 'like_count': 6, 'quote_count': 0}","@joobid lanzando la pregunta del millÃ³n de euros a @GuillermoDeHaro sobre ""El Pollo Pepe"", que nos marca la X del mapa de @HeavyMental_es, hacia la esencia del 42 o la transcendencia del sentido de la vida que plantea el estoicismo como nos recuerda @Recuenco  en @TheBridge_Tech https://t.co/8ft1LaMH47",2022-06-27T18:42:12.000Z,1541492108703531008
61,212364786,"{'retweet_count': 0, 'reply_count': 0, 'like_count': 0, 'quote_count': 0}","@RogerDomingo si el libro de @GuillermoDeHaro y @Recuenco llega a 10.001 compras no devueltas. Â¿Les publicaras la biblia ""Estoicismo para CEOs""? Y hacÃ©is la presentaciÃ³n en 2023 en @TheBridge_Tech. Con los @HeavyMental_es de teloneros. https://t.co/o7NYDI7RgG",2022-06-27T18:25:27.000Z,1541487893499285509
62,212364786,"{'retweet_count': 0, 'reply_count': 0, 'like_count': 2, 'quote_count': 0}",Gracias a @TheBridge_Tech por facilitar la desvirtualizaciÃ³n de tuiteros que nos encontramos alrededor de @HeavyMental_es y las turras del @Recuenco https://t.co/wouDCyts7u,2022-06-27T18:11:10.000Z,1541484295465959427
63,12085582,"{'retweet_count': 0, 'reply_count': 0, 'like_count': 2, 'quote_count': 0}","Hoy tenemos invitados en @TheBridge_Tech. Los chicos de @HeavyMental_es y @GuillermoDeHaro  hablando sobre el sentido de la vida, o algo https://t.co/sGeJVf3HFN",2022-06-27T17:45:38.000Z,1541477869620281345
64,212364786,"{'retweet_count': 0, 'reply_count': 0, 'like_count': 3, 'quote_count': 0}","Que nos dice Pedro SÃ¡nchez, que si le compramos todos los libros del @Recuenco y @GuillermoDeHaro nos invita a unas caÃ±as en @TheBridge_Tech por el encuentro de @HeavyMental_es https://t.co/hdJRlA1QD8",2022-06-27T17:16:25.000Z,1541470520658493440
65,140757340,"{'retweet_count': 0, 'reply_count': 0, 'like_count': 1, 'quote_count': 0}",@TheBridge_Tech @HeavyMental_es @Alienta Casi! Justo estaba rellenando datos ğŸ¤£,2022-06-27T15:50:47.000Z,1541448970123223040
66,62495833,"{'retweet_count': 0, 'reply_count': 0, 'like_count': 2, 'quote_count': 0}",@TheBridge_Tech @Recuenco @HeavyMental_es @Alienta tendrÃ© que colarme? https://t.co/sfp5t11RPi,2022-06-27T15:37:17.000Z,1541445570925133825
67,1255794072280842240,"{'retweet_count': 0, 'reply_count': 0, 'like_count': 1, 'quote_count': 0}",@vmcasamayor @TheBridge_Tech @Recuenco @Alienta ğŸ™„ @TheBridge_Tech,2022-06-27T15:35:47.000Z,1541445192925978625
68,62495833,"{'retweet_count': 0, 'reply_count': 1, 'like_count': 3, 'quote_count': 0}",@TheBridge_Tech @Recuenco @HeavyMental_es @Alienta pero quedan entradas o no? Cojone!,2022-06-27T15:35:06.000Z,1541445021068627969
69,276656109,"{'retweet_count': 0, 'reply_count': 0, 'like_count': 1, 'quote_count': 0}","@HeavyMental_es @TheBridge_Tech @Recuenco @GuillermoDeHaro Cada vez que pulsas la frase es distinta, no hace falta ni editar luego...",2022-06-27T12:51:58.000Z,1541403967581831169
70,1255794072280842240,"{'retweet_count': 0, 'reply_count': 1, 'like_count': 1, 'quote_count': 0}","@joobid @TheBridge_Tech @Recuenco @GuillermoDeHaro Si claro, Miki no tiene otra cosa que hacer",2022-06-27T12:51:00.000Z,1541403726182858753
71,7154412,"{'retweet_count': 0, 'reply_count': 0, 'like_count': 1, 'quote_count': 0}",@joobid @HeavyMental_es @TheBridge_Tech @GuillermoDeHaro DÃ©jalo cortocircuitado en Always on.,2022-06-27T12:50:38.000Z,1541403632104620033
72,276656109,"{'retweet_count': 0, 'reply_count': 2, 'like_count': 2, 'quote_count': 0}",@HeavyMental_es @TheBridge_Tech Â¿Me llevo el botÃ³n para el directo de hoy @Recuenco @GuillermoDeHaro? https://t.co/CSjtCXQ64B,2022-06-27T12:49:13.000Z,1541403277752995841
73,779899,"{'retweet_count': 0, 'reply_count': 0, 'like_count': 1, 'quote_count': 0}","@HeavyMental_es @TheBridge_Tech Si al final el ""de pedir"" funciona https://t.co/1A2PyYMAol",2022-06-27T09:08:21.000Z,1541347694802882567
74,1255794072280842240,"{'retweet_count': 0, 'reply_count': 1, 'like_count': 2, 'quote_count': 0}","@jatorrero @TheBridge_Tech Juan Antonio, te mandamos dm para que te vengas que hay hueco!",2022-06-27T08:17:55.000Z,1541334998892036096
75,1454470440513122305,"{'retweet_count': 0, 'reply_count': 0, 'like_count': 1, 'quote_count': 0}","@HeavyMental_es @TheBridge_Tech Moviendo satÃ©lites pero ya!!. Huy, Â¿y si piensan que son sat Rusos?. Al riesgo que mola.",2022-06-27T06:13:00.000Z,1541303566597496833
76,1255794072280842240,"{'retweet_count': 0, 'reply_count': 1, 'like_count': 1, 'quote_count': 0}",@navarro_batista @TheBridge_Tech En orbyt ya si eso.,2022-06-27T05:47:51.000Z,1541297237485035520
77,1454470440513122305,"{'retweet_count': 0, 'reply_count': 1, 'like_count': 1, 'quote_count': 0}",@HeavyMental_es @TheBridge_Tech Que se grabe para el Orbe. Toy en otra plataforma.,2022-06-27T05:37:10.000Z,1541294547489136640
78,230190180,"{'retweet_count': 0, 'reply_count': 0, 'like_count': 2, 'quote_count': 0}","@HeavyMental_es @TheBridge_Tech @GuillermoDeHaro @Recuenco @Alienta Si hay que bajar al barro, se baja.",2022-06-27T03:47:32.000Z,1541266958259306496
79,230190180,"{'retweet_count': 1, 'reply_count': 1, 'like_count': 4, 'quote_count': 2}",@HeavyMental_es @TheBridge_Tech @GuillermoDeHaro @Recuenco @Alienta El plan // La ejecuciÃ³n https://t.co/z6upT5d5Zn,2022-06-27T03:46:59.000Z,1541266817624203264
80,779899,"{'retweet_count': 0, 'reply_count': 1, 'like_count': 5, 'quote_count': 0}","@HeavyMental_es @TheBridge_Tech ğŸ˜ğŸ˜ğŸ˜
Triste es de pedir, pero mÃ¡s triste es de robar. 

Si alguno no va a Ãºltima hora, mis DMs estÃ¡n abiertos.",2022-06-26T18:18:28.000Z,1541123745078824965
81,1255794072280842240,"{'retweet_count': 0, 'reply_count': 0, 'like_count': 2, 'quote_count': 0}","@CarlosLGonzalez @TheBridge_Tech Yes, seguramente martes a la misma hora en todos lados :)",2022-06-26T14:14:30.000Z,1541062348970115072
82,49154622,"{'retweet_count': 0, 'reply_count': 1, 'like_count': 3, 'quote_count': 0}",@HeavyMental_es @TheBridge_Tech Puta vida... Los sudacas nos jodemos... Me quedarÃ© tomando mientras espero que tengan piedad de nosotros y lo publiquen en Youtube... Porque de Twitch no se nada,2022-06-26T14:12:25.000Z,1541061827169230848
83,1255794072280842240,"{'retweet_count': 0, 'reply_count': 1, 'like_count': 1, 'quote_count': 0}","@CarlosLGonzalez @TheBridge_Tech SÃ­, vida real se llama.",2022-06-26T14:09:04.000Z,1541060983476584448
84,49154622,"{'retweet_count': 0, 'reply_count': 1, 'like_count': 1, 'quote_count': 0}",@HeavyMental_es @TheBridge_Tech No va en directo por ninguna plataforma!!???,2022-06-26T13:53:42.000Z,1541057117045530626
85,1493264171705765890,"{'retweet_count': 0, 'reply_count': 0, 'like_count': 1, 'quote_count': 0}",@HeavyMental_es @TheBridge_Tech https://t.co/TFD31c8i61,2022-06-26T13:19:57.000Z,1541048623261171718
86,1255794072280842240,"{'retweet_count': 7, 'reply_count': 6, 'like_count': 17, 'quote_count': 1}","ğŸ•£ TIC, TAC: MAÃ‘ANA os vemos a todos a las 7.30pm en nuestro evento en directo en MADRID en @TheBridge_Tech 

ğŸš¨Para los que no vayÃ¡is, TRANQUILOS, seguramente el martes lo emitamos para todos vosotros :D https://t.co/fqaYsbyxl7",2022-06-26T13:10:35.000Z,1541046264539893760
87,1493264171705765890,"{'retweet_count': 0, 'reply_count': 0, 'like_count': 3, 'quote_count': 0}","@HeavyMental_es @TheBridge_Tech @GuillermoDeHaro @Recuenco @Alienta Â¡Â¡Â¡Que poco queda ya para el evento!!! 
@_miki te pillo en ""La Coru"" y nos hacemos un blablacar? podrÃ­a salir un podcast dpm de ahÃ­ ğŸ˜‚. https://t.co/cptLyWZ7Ip",2022-06-22T11:07:02.000Z,1539565619728814082
88,1474204478983348227,"{'retweet_count': 0, 'reply_count': 0, 'like_count': 0, 'quote_count': 0}","@TheBridge_Tech @LORIOTio @sesamehr_ @feending @uchceu Buenas, disculpad, se estÃ¡ emitiendo ya la charla sobre GOOGLE ADS desde cero??

No puedo acceder desde ZOOM",2022-06-21T16:14:58.000Z,1539280728978071553
89,874916978665938945,"{'retweet_count': 0, 'reply_count': 0, 'like_count': 4, 'quote_count': 0}","Â¿Quieres aprender sobre #ciberseguridad? ğŸ‘©â€ğŸ’»

La aceleradora de #talento digital @TheBridge_Tech organiza esta tarde un taller en #Valencia en el que aprenderÃ¡s a utilizar algunas herramientas bÃ¡sicas de la mano de los mejores profesores ğŸ‘¥

Â¡RegÃ­strate! âœ https://t.co/IhiitXLjHT https://t.co/SfcT0HbRow",2022-06-21T08:35:00.000Z,1539164971765989378
90,421798449,"{'retweet_count': 1, 'reply_count': 0, 'like_count': 1, 'quote_count': 0}",Hoy @TheBridge_Tech a las 18:00: Taller Data Science Valencia: Mi primera aplicaciÃ³n de web de IA https://t.co/DbwCfYaaX3,2022-06-15T07:00:34.000Z,1536966880866586626
91,1088043591681871872,"{'retweet_count': 1, 'reply_count': 1, 'like_count': 4, 'quote_count': 0}","AquÃ­ estamos ğŸ˜Š a punto de comenzar #LPCxMAD con @MercadonaTech en @TheBridge_Tech

Ga-na-zas!! ğŸ™Œ https://t.co/Z35gVk2i1x",2022-06-14T16:18:58.000Z,1536745017036918793
92,1162694149956603904,"{'retweet_count': 0, 'reply_count': 0, 'like_count': 1, 'quote_count': 0}","Â¡Lanzamos las becas @viewnext para estudiar #Cloud &amp; #DevOps â˜ï¸! Si quieres formarte en una profesiÃ³n con futuro y alta demanda, infÃ³rmate sobre las becas para estudiar un #bootcamp en @TheBridge_Tech ğŸ™Œ Solicita la tuya â¡ https://t.co/pvfZneLd1d https://t.co/li3VtNpZDo",2022-06-14T14:01:48.000Z,1536710498712006660
93,56674550,"{'retweet_count': 0, 'reply_count': 0, 'like_count': 2, 'quote_count': 0}","@HeavyMental_es @TheBridge_Tech @Atorrerus @Mulder01198676 @joansabater @PesetJairo @pelayoarbues @adriskou @estodopornada No ha podido ser, otra vez serÃ¡.  Gracias en cualquier caso por la iniciativa ğŸ˜‰",2022-06-13T19:16:51.000Z,1536427396437577728
94,1493264171705765890,"{'retweet_count': 0, 'reply_count': 0, 'like_count': 2, 'quote_count': 0}",@HeavyMental_es @TheBridge_Tech @Atorrerus @joansabater @PesetJairo @pelayoarbues @adriskou @estodopornada EstÃ¡n cotizadÃ­simas!... las entradas  @HeavyMental_es son el Dogecoin del universo podcasting. #Tothemoooooon https://t.co/Ddn73iUJ0y,2022-06-13T15:10:50.000Z,1536365482680401921
95,55193695,"{'retweet_count': 0, 'reply_count': 0, 'like_count': 2, 'quote_count': 0}",@HeavyMental_es @TheBridge_Tech @Atorrerus @Mulder01198676 @joansabater @PesetJairo @adriskou @estodopornada yo que iba a hacer reventa...,2022-06-13T14:56:32.000Z,1536361884009615361
96,962578275162869760,"{'retweet_count': 0, 'reply_count': 0, 'like_count': 0, 'quote_count': 0}",@HeavyMental_es @TheBridge_Tech @Atorrerus @Mulder01198676 @joansabater @pelayoarbues @adriskou @estodopornada Gracias por intentarlo pero las seÃ±ales me dicen que no debÃ­a estar (mala suerte que trabajando 3h sueltas los lunes me haya pillado trabajando xdd). Me tocarÃ¡ esperarme a la ediciÃ³n de Valencia ğŸ”¥ğŸ¤˜ğŸ˜‰,2022-06-13T12:18:02.000Z,1536321996367224838
97,18955785,"{'retweet_count': 0, 'reply_count': 0, 'like_count': 1, 'quote_count': 0}",Lo conseguÃ­!!! Gracias @TheBridge_Tech  @HeavyMental_es https://t.co/SOccLkT3dG,2022-06-13T11:42:21.000Z,1536313018321190912
98,15521945,"{'retweet_count': 0, 'reply_count': 0, 'like_count': 1, 'quote_count': 0}",@TheBridge_Tech @HeavyMental_es @Alienta Â¡Y yo! Que buena forma de empezar la semana.,2022-06-13T11:38:00.000Z,1536311923423203331
99,10614452,"{'retweet_count': 0, 'reply_count': 0, 'like_count': 2, 'quote_count': 0}",@TheBridge_Tech @HeavyMental_es @Alienta Â¡La tengo!,2022-06-13T11:34:19.000Z,1536310998319210496
0,1255794072280842240,"{'retweet_count': 2, 'reply_count': 4, 'like_count': 6, 'quote_count': 0}","Lo prometimos y han llegado gracias a @TheBridge_Tech ... Ãºltimas entradas para el podcast 27 en directo :D

cc @Atorrerus @Mulder01198676 @joansabater @PesetJairo @pelayoarbues @adriskou @estodopornada https://t.co/Aygpl489sQ",2022-06-13T11:33:09.000Z,1536310702876549123
1,1434890317640126469,"{'retweet_count': 0, 'reply_count': 0, 'like_count': 2, 'quote_count': 0}","@HeavyMental_es @PesetJairo @TheBridge_Tech @GuillermoDeHaro @Recuenco @Alienta Inocente de mi, que lo daba por hecho...",2022-06-13T08:42:06.000Z,1536267654717132801
2,175063066,"{'retweet_count': 0, 'reply_count': 0, 'like_count': 3, 'quote_count': 0}",@HeavyMental_es @TheBridge_Tech @GuillermoDeHaro @Recuenco @Alienta Â¡Gracias por contar con la comunidad! De aquÃ­ a llenar el wizink center hay un escaloncito...,2022-06-12T17:58:52.000Z,1536045384275050496
3,1255794072280842240,"{'retweet_count': 0, 'reply_count': 0, 'like_count': 2, 'quote_count': 0}","@lahabitacioncr1 @Sergio_Berbis @kawenzotz @Nique_Brique @_miki @Recuenco @DavidAlayon Si @TheBridge_Tech tiene en Sevilla sede ahÃ­ que iremos seguro, ya somos amiguis :)",2022-06-12T10:19:09.000Z,1535929691051368448
4,7154412,"{'retweet_count': 0, 'reply_count': 1, 'like_count': 2, 'quote_count': 0}",@PedroAeriaa @HeavyMental_es @TheBridge_Tech @GuillermoDeHaro @Alienta Guillermo en concreto.,2022-06-12T07:23:15.000Z,1535885427307069440
5,944737177,"{'retweet_count': 0, 'reply_count': 1, 'like_count': 4, 'quote_count': 0}",@HeavyMental_es @TheBridge_Tech @GuillermoDeHaro @Recuenco @Alienta Me comentan por lÃ­nea interna que habrÃ¡ demostraciÃ³n estoica en vivo. https://t.co/GjdSjufM5M,2022-06-12T07:21:08.000Z,1535884891870863360
6,1255794072280842240,"{'retweet_count': 0, 'reply_count': 0, 'like_count': 1, 'quote_count': 0}",@adriskou @TheBridge_Tech @GuillermoDeHaro @Recuenco @Alienta Trabajando en tenerlo grabado para todos vosotros... informaremos!,2022-06-11T18:42:40.000Z,1535694017714847745
7,1255794072280842240,"{'retweet_count': 0, 'reply_count': 1, 'like_count': 4, 'quote_count': 0}","@PesetJairo @TheBridge_Tech @GuillermoDeHaro @Recuenco @Alienta Jairo, a lo mejor damos sorpresa y lo emitimos.. no serÃ¡ igual pero estamos trabajando en ello para todos los que os habÃ©is quedado fuera!!",2022-06-11T18:42:21.000Z,1535693940132806658
8,962578275162869760,"{'retweet_count': 0, 'reply_count': 1, 'like_count': 3, 'quote_count': 0}",@HeavyMental_es @TheBridge_Tech @GuillermoDeHaro @Recuenco @Alienta Que pena no lleguÃ© a tiempo para conseguir entrada ğŸ¥²ğŸ¥¹ peeeero bueno como este podcast solo va to the moon seguro que hay mÃ¡s ocasiones! ğŸ¤ğŸ½ğŸ¤˜ğŸ½,2022-06-11T18:02:51.000Z,1535683997837180929
9,1232105203,"{'retweet_count': 0, 'reply_count': 1, 'like_count': 3, 'quote_count': 0}",@HeavyMental_es @TheBridge_Tech @GuillermoDeHaro @Recuenco @Alienta Shit! Estaba despistado y he llegado tarde a las entradas. ğŸ˜­ğŸ˜­ğŸ˜­ğŸ˜­ğŸ˜­ğŸ˜­ğŸ˜­ğŸ˜­ https://t.co/eQYXrBaQrv,2022-06-11T17:24:58.000Z,1535674465677344770
10,457896514,"{'retweet_count': 0, 'reply_count': 0, 'like_count': 2, 'quote_count': 0}","@HeavyMental_es @TheBridge_Tech @GuillermoDeHaro @Recuenco @Alienta Nahâ€¦.yo soy un mindundi.

Pero vamos, que si SCL puede esperar, el tito Floren tambiÃ©n. Hay prioridades.",2022-06-11T12:46:29.000Z,1535604382955360260
11,1255794072280842240,"{'retweet_count': 0, 'reply_count': 1, 'like_count': 3, 'quote_count': 0}","@a_gallard @TheBridge_Tech @GuillermoDeHaro @Recuenco @Alienta SabÃ­amos que era Santiago, pero soÃ±Ã¡bamos con que fuera ""SuperLiga Champions League"" del lÃ­der supremo Floretino.",2022-06-11T12:43:09.000Z,1535603541498281986
12,457896514,"{'retweet_count': 0, 'reply_count': 1, 'like_count': 2, 'quote_count': 0}","@HeavyMental_es @TheBridge_Tech @GuillermoDeHaro @Recuenco @Alienta Jajajaâ€¦sin duda!!
SCL es mucho mÃ¡s aburrido y ya lo tengo muy visto.

Nos vemos el 27, esa turra no me la pierdo!",2022-06-11T12:41:46.000Z,1535603195485081600
13,1255794072280842240,"{'retweet_count': 0, 'reply_count': 1, 'like_count': 3, 'quote_count': 0}",@wmurphy @TheBridge_Tech @GuillermoDeHaro @Recuenco @Alienta @manuelcarrasco_ Somos los Bustamantes de la ciencia.,2022-06-11T12:38:29.000Z,1535602368011722752
14,15521945,"{'retweet_count': 0, 'reply_count': 1, 'like_count': 1, 'quote_count': 0}","@HeavyMental_es @TheBridge_Tech @GuillermoDeHaro @Recuenco @Alienta Pero.. Â¿que habÃ­a? Â¿dos entradas?

TenÃ©is mÃ¡s poder de convocatoria que @manuelcarrasco_",2022-06-11T12:36:40.000Z,1535601912896229378
15,1255794072280842240,"{'retweet_count': 0, 'reply_count': 1, 'like_count': 3, 'quote_count': 0}","@a_gallard @TheBridge_Tech @GuillermoDeHaro @Recuenco @Alienta Alejandro, no se quÃ© es SCL, pero diles que llegas el martes.

El lunes 27 lo pasas con nosotros... piÃ©nsalo, sÃ³lo en 2 semanas @Recuenco te podrÃ¡ soltar la turra en directo, eso en SCL no lo van a tener.",2022-06-11T11:17:56.000Z,1535582097699753984
16,457896514,"{'retweet_count': 0, 'reply_count': 1, 'like_count': 2, 'quote_count': 0}","@HeavyMental_es @TheBridge_Tech @GuillermoDeHaro @Recuenco @Alienta Grandes!!!! Ya en mi poder.

Se supone que estoy en SCL esa semana, peroâ€¦algo haremos! ğŸ’ƒ https://t.co/9BM2wPDTiu",2022-06-11T11:14:46.000Z,1535581300383531008
17,1255794072280842240,"{'retweet_count': 0, 'reply_count': 0, 'like_count': 3, 'quote_count': 0}",@enriquin @TheBridge_Tech @GuillermoDeHaro @Recuenco @Alienta Â¿te ha hablado ya del libro chulo de @Recuenco y @GuillermoDeHaro? :D,2022-06-11T11:14:14.000Z,1535581167973548033
18,15653000,"{'retweet_count': 0, 'reply_count': 1, 'like_count': 2, 'quote_count': 0}",@HeavyMental_es @TheBridge_Tech @GuillermoDeHaro @Recuenco @Alienta Donde tendrÃ¡s las manos...,2022-06-11T11:12:02.000Z,1535580612505083906
19,1255794072280842240,"{'retweet_count': 0, 'reply_count': 0, 'like_count': 3, 'quote_count': 0}",@mtortosal @TheBridge_Tech @GuillermoDeHaro @Recuenco @Alienta AhÃ­ nos vemos en 2 semanas!!,2022-06-11T11:11:48.000Z,1535580552786497536
20,1255794072280842240,"{'retweet_count': 0, 'reply_count': 2, 'like_count': 6, 'quote_count': 0}","@TheBridge_Tech @GuillermoDeHaro @Recuenco @Alienta ğŸš¨ğŸš¨ğŸš¨ğŸš¨ SOY MANCO, ES 27 DE JUNIO",2022-06-11T11:11:02.000Z,1535580361140453378
21,317352917,"{'retweet_count': 0, 'reply_count': 1, 'like_count': 2, 'quote_count': 0}",@HeavyMental_es @TheBridge_Tech @GuillermoDeHaro @Recuenco @Alienta Yeeeeeeeepaaaaa!!!! https://t.co/LS7vXjqbH7,2022-06-11T11:10:49.000Z,1535580306845089792
22,1255794072280842240,"{'retweet_count': 2, 'reply_count': 1, 'like_count': 9, 'quote_count': 0}","Estamos sÃºper felicides, y queremos adecer INFINITO a quiÃ©nes nos han dado estas oportunidades:

1/3) @TheBridge_Tech porque son unos catacracks en lo que hacen y en cÃ³mo lo hacen, y ademÃ¡s nos han abierto su casa de par en par(estÃ¡n locos, dijeron a todo que sÃ­).",2022-06-11T10:43:19.000Z,1535573385190813696
23,568101757,"{'retweet_count': 0, 'reply_count': 0, 'like_count': 2, 'quote_count': 0}",@HeavyMental_es @TheBridge_Tech @GuillermoDeHaro @Recuenco @Alienta ğŸ«£ğŸ˜‹ğŸ¤¤ https://t.co/e6dmoY8MK9,2022-06-11T10:42:38.000Z,1535573213282983937
24,15653000,"{'retweet_count': 0, 'reply_count': 0, 'like_count': 2, 'quote_count': 0}",@HeavyMental_es @TheBridge_Tech @GuillermoDeHaro @Recuenco @Alienta A la saca!,2022-06-11T10:39:29.000Z,1535572422333702147
25,1255794072280842240,"{'retweet_count': 14, 'reply_count': 13, 'like_count': 36, 'quote_count': 5}","ğŸš¨27/7 - 7:30PM - ğŸ™ï¸PODCAST PRESENCIAL
ğŸ“ŒMADRID, @TheBridge_Tech (Recoletos,15)
ğŸ¤ŸğŸ»SÃ“LO 6âƒ£0âƒ£ ENTRADAS

ğŸ”ğŸ†ğŸ” ""EL SENTIDO DE LA VIDA YA NO ES 42""

ğŸ”— https://t.co/bPRHcq3PCo

Invitado: @GuillermoDeHaro con @Recuenco ha escrito ""El pequeÃ±o libro de la filosofÃ­a estoica"" de @alienta",2022-06-11T10:35:58.000Z,1535571536186335233
26,1473907744671371268,"{'retweet_count': 0, 'reply_count': 0, 'like_count': 0, 'quote_count': 0}","@TheBridge_Tech I have extensive experience Product Packaging &amp; Label Design knowledge. I'm Designing Unique Product Packaging Design, Label design, Logo, Flyer, Banner Ads &amp; Many more.
To contact me: https://t.co/MOW72Ser0w
Whatsapp: +8801645840100",2022-06-10T18:55:41.000Z,1535334908058488832
27,1162694149956603904,"{'retweet_count': 0, 'reply_count': 0, 'like_count': 0, 'quote_count': 0}",Ayer celebramos el #OpenDay de @TheBridge_Tech y @uchceu en #Valencia ğŸ¤—Â¡Muchas gracias a todos los asistentes! Esperamos que hayÃ¡is descubierto vuestro gusto por la tecnologÃ­ağŸ§‘â€ğŸ’» y el potencial que tenÃ©is ğŸš€ #bootcamps #digitaltalent https://t.co/e8DfGnv09h,2022-06-09T13:29:43.000Z,1534890485415813122
28,1455515154133786625,"{'retweet_count': 0, 'reply_count': 1, 'like_count': 7, 'quote_count': 0}","GRACIAS a @IronhackMAD @Letscoder_ @ISDICoders @TheBridge_Tech @lewagonspain por hacer posible el episodio que se viene maÃ±ana ğŸ”¥

ğ——ğ—²ğ˜ğ—®ğ—¹ğ—¹ğ—²ğ˜€ ğ—±ğ—²ğ—¹ ğ—²ğ˜ƒğ—²ğ—»ğ˜ğ—¼:
ğŸ“… Â¿CuÃ¡ndo? - 9 Junio
âŒšï¸Â¿Hora?: 18h
ğŸš©Â¿DÃ³nde?: Online a travÃ©s de nuestro canal de Twitch

(link â¬‡ï¸) https://t.co/k1nFbwLlgL",2022-06-08T12:20:43.000Z,1534510733559488512
29,90148487,"{'retweet_count': 3, 'reply_count': 1, 'like_count': 5, 'quote_count': 0}","El martes 14 nos encontraremos con las #EmpresasResponsables que contribuyen a transformar vidas con alianzas solidarias.
Â¡AquÃ­ presentamos a algunas de las que nos acompaÃ±arÃ¡n!
Amparo Galbis, de @TheBridge_Tech 
Teresa Herreros, de  Cobertura solidaria
@SoniaPrideCom 
... https://t.co/GVDbmhdehy",2022-06-08T11:17:44.000Z,1534494884052213760
30,421798449,"{'retweet_count': 0, 'reply_count': 0, 'like_count': 1, 'quote_count': 0}",Nuevo Evento: @TheBridge_Tech  Taller Data Science Valencia: Mi primera aplicaciÃ³n de web de IA 15/06/2022 https://t.co/DbwCfYaaX3,2022-06-02T18:20:53.000Z,1532427046403682304
31,541058739,"{'retweet_count': 0, 'reply_count': 0, 'like_count': 2, 'quote_count': 0}","@GuillermoDeHaro @Gonzalomartin @Recuenco @Alienta @heavymental @TheBridge_Tech Segundo pÃ¡rrafo y ya he descubierto un juguete nuevo.
Feliz de ser el mÃ¡s Ã¡grafo de la habitaciÃ³n ğŸ˜œ
https://t.co/tRr2jTJxg0",2022-05-31T14:44:39.000Z,1531647853348761601
32,541058739,"{'retweet_count': 0, 'reply_count': 0, 'like_count': 2, 'quote_count': 0}",@GuillermoDeHaro @Gonzalomartin @Recuenco @Alienta @heavymental @TheBridge_Tech Info sobre @Alienta con todos los horarios de sus autores firmando en #FeriaDelLibroMadrid2022 ;) https://t.co/UrQRMNStvO,2022-05-31T14:16:41.000Z,1531640813800783872
33,541058739,"{'retweet_count': 1, 'reply_count': 2, 'like_count': 3, 'quote_count': 0}","@GuillermoDeHaro @Gonzalomartin @Recuenco @Alienta @heavymental @TheBridge_Tech Un pequeÃ±o avance del libro, en la editorial @Alienta nos ponen los dientes largos con las primeras pÃ¡ginas
ğŸ‘‡
https://t.co/8SO1QkPgYN",2022-05-31T14:13:25.000Z,1531639992174493696
34,541058739,"{'retweet_count': 0, 'reply_count': 1, 'like_count': 2, 'quote_count': 0}",@GuillermoDeHaro @Gonzalomartin @Recuenco @Alienta @heavymental @TheBridge_Tech ğŸ™,2022-05-31T11:58:03.000Z,1531605926272282627
35,7154412,"{'retweet_count': 0, 'reply_count': 0, 'like_count': 2, 'quote_count': 0}",@Gonzalomartin @DigitalBourne @GuillermoDeHaro @Alienta @heavymental @TheBridge_Tech @EventbriteES Silenzio Stampa. https://t.co/QFGHNtDxUC,2022-05-31T11:43:03.000Z,1531602152887619587
36,541058739,"{'retweet_count': 0, 'reply_count': 0, 'like_count': 1, 'quote_count': 0}",@Gonzalomartin @GuillermoDeHaro @Recuenco @Alienta @heavymental @TheBridge_Tech @EventbriteES Es asÃ­.,2022-05-31T11:42:58.000Z,1531602132138438658
37,7631142,"{'retweet_count': 0, 'reply_count': 2, 'like_count': 3, 'quote_count': 0}",@DigitalBourne @GuillermoDeHaro @Recuenco @Alienta @heavymental @TheBridge_Tech @EventbriteES La mafia tiene sus reglas. This thing of us.,2022-05-31T11:41:27.000Z,1531601751056470016
38,541058739,"{'retweet_count': 0, 'reply_count': 1, 'like_count': 3, 'quote_count': 0}","@Gonzalomartin @GuillermoDeHaro @Recuenco @Alienta @heavymental @TheBridge_Tech No sufras, podÃ­a ser peor: si no es por @EventbriteES ni me entero.
Lo mÃ¡s gracioso es que el jueves pasado estuve en una presentaciÃ³n de un libro en @TheBridge_Tech y no soltaron prenda :)",2022-05-31T11:40:48.000Z,1531601583984844802
39,7631142,"{'retweet_count': 0, 'reply_count': 1, 'like_count': 2, 'quote_count': 0}",@DigitalBourne @GuillermoDeHaro @Recuenco @Alienta @heavymental @TheBridge_Tech A mi es que no me invitan a nada. He quedado como un influencer de pacotilla.,2022-05-31T11:37:02.000Z,1531600636646674433
40,541058739,"{'retweet_count': 0, 'reply_count': 0, 'like_count': 1, 'quote_count': 0}","@GuillermoDeHaro @Gonzalomartin @Recuenco @Alienta @heavymental @TheBridge_Tech Alguna pista para navegantes:
https://t.co/XvXCl6HN6F",2022-05-31T11:34:31.000Z,1531600004074426369
41,541058739,"{'retweet_count': 0, 'reply_count': 3, 'like_count': 2, 'quote_count': 0}","@GuillermoDeHaro @Gonzalomartin @Recuenco @Alienta Jajaja cÃ³mo lo sabes. 
Ya he visto que se han agotado todas las entradas en la presentaciÃ³n junto con la grabaciÃ³n de @heavymental en @TheBridge_Tech.
Guillermo, la legiÃ³n de seguidores necesita saber caseta y dÃ­a de la #FLM2022 #FeriaDelLibroMadrid2022 en la que firmas ;)",2022-05-31T11:33:52.000Z,1531599841276706817
42,541058739,"{'retweet_count': 2, 'reply_count': 0, 'like_count': 6, 'quote_count': 0}","La historia relaciona el paseo de Recoletos, la #FeriaDelLibro y la @BNE_biblioteca.
El jueves pasado asistÃ­ a la presentaciÃ³n de â€œEl libro de la inteligencia colectivaâ€ #Iclibro de @arey en la sede de @TheBridge_Tech al lado del @Cafegijon acompaÃ±ado de @tiscar y @nodosenlared. https://t.co/LTYwgg3yd8",2022-05-30T12:16:21.000Z,1531248145656688641
43,1088043591681871872,"{'retweet_count': 0, 'reply_count': 0, 'like_count': 2, 'quote_count': 2}","Si aÃºn estÃ¡s con el buen recuerdo de la charla de @MercadonaTech en #LPCMAD22, tenemos second round en junio:

ğŸ™ï¸ #LPCxMAD sobre el ciclo de vida de Objetivos en Mercadona Tech.
ğŸ—“ï¸ Martes 14 junio, 18.30h
ğŸ“Œ @TheBridge_Tech
ğŸ™‹ Â¡Aforo limitado! ApÃºntate en: https://t.co/YRVNBg6IWn",2022-05-30T11:25:00.000Z,1531235220501897218
44,15993641,"{'retweet_count': 3, 'reply_count': 0, 'like_count': 7, 'quote_count': 0}","Ayer fue un dÃ­a entraÃ±able, presentando el #LibroIC con @tiscar y @nodosenlared en @TheBridge_Tech. Â¡Â¡Nivelazo!! Preguntas retadoras, conversaciÃ³n nutriente, y asistentes de lujo. Â¡Hemos estado 2 horas conversando! No se puede pedir mÃ¡s. Gracias a todo/as https://t.co/MjYX5zIa8J",2022-05-27T08:24:07.000Z,1530102538015592448
45,103409751,"{'retweet_count': 0, 'reply_count': 0, 'like_count': 2, 'quote_count': 0}",@tiscar @arey @TheBridge_Tech @nodosenlared Vaya cracks os habÃ©is juntadoğŸ’ªğŸ˜‰,2022-05-26T21:22:41.000Z,1529936081273208847
46,148160316,"{'retweet_count': 0, 'reply_count': 0, 'like_count': 3, 'quote_count': 0}","Gran #libro de @arey 

Gracias por tan valiosa y profunda aportaciÃ³n, posibles soluciones y propuestas de aplicaciÃ³n

presentaciÃ³n en @TheBridge_Tech https://t.co/JYHdfdfyFz",2022-05-26T18:18:54.000Z,1529889830376722433
47,29497240,"{'retweet_count': 0, 'reply_count': 0, 'like_count': 2, 'quote_count': 0}",@juanjobrizuela @tiscar @arey @TheBridge_Tech @nodosenlared Ni lo dudes ;-),2022-05-26T15:53:23.000Z,1529853209870745600
48,10575102,"{'retweet_count': 0, 'reply_count': 1, 'like_count': 3, 'quote_count': 0}",@c_magro @tiscar @arey @TheBridge_Tech @nodosenlared cuidadme a Amalio plis ;),2022-05-26T15:37:50.000Z,1529849297105215493
49,29497240,"{'retweet_count': 0, 'reply_count': 1, 'like_count': 1, 'quote_count': 0}",@tiscar @arey @TheBridge_Tech @nodosenlared yo soy mÃ¡s prÃªt Ã  porter ;-),2022-05-26T15:23:48.000Z,1529845766453436418
50,4628161,"{'retweet_count': 0, 'reply_count': 1, 'like_count': 1, 'quote_count': 0}",@c_magro @arey @TheBridge_Tech @nodosenlared Ya sabÃ­a yo que el pÃºblico era de lujo ğŸ˜‰,2022-05-26T15:19:39.000Z,1529844720783998977
51,29497240,"{'retweet_count': 0, 'reply_count': 1, 'like_count': 2, 'quote_count': 0}",@tiscar @arey @TheBridge_Tech @nodosenlared AhÃ­ nos vemos ;-),2022-05-26T15:15:13.000Z,1529843607750025217
52,4628161,"{'retweet_count': 0, 'reply_count': 2, 'like_count': 7, 'quote_count': 0}",Esta tarde estarÃ© acompaÃ±ando a @arey en la presentaciÃ³n de su libro sobre Inteligencia Colectiva en @TheBridge_Tech junto a @nodosenlared y un pÃºblico de lujo https://t.co/Mmxexzt7Fo,2022-05-26T15:14:12.000Z,1529843349200551937
53,15993641,"{'retweet_count': 1, 'reply_count': 0, 'like_count': 9, 'quote_count': 2}",Ayer fue 1ra presentaciÃ³n del #LibroIC bajo el abrigo de @zuloark y con la compaÃ±Ã­a de @rosajpereda y @tutuytu. Unas 20 personas y fue estupendo. Mil gracias a todo/as. Hoy seguimos por #Madrid. 2da presentaciÃ³n en @TheBridge_Tech a las 18:30: https://t.co/OVzv1SdR7x https://t.co/9L9DsQ4EYE,2022-05-26T09:26:15.000Z,1529755786129326082
54,163586106,"{'retweet_count': 1, 'reply_count': 0, 'like_count': 3, 'quote_count': 0}","Â¿Te gustarÃ­a explorar el sector #tech? Ven a los talleres que organiza @TheBridge_Tech en @ENCamaraSevilla
 
ğŸ—“ï¸26 Mayo ğŸ‘‰â€‹ Taller #Ciberseguridad
ğŸ—“ï¸30 MayoğŸ‘‰â€‹ Taller #DesarrolloWebFullStack
ğŸ—“ï¸31 Mayo ğŸ‘‰â€‹Taller #DataScience

Â¡InscrÃ­bete ahora! â¤µï¸â€‹
https://t.co/9r5ZHRKwOs https://t.co/bbKEDUkY6Y",2022-05-24T09:51:32.000Z,1529037374340177920
55,1528649918306557952,"{'retweet_count': 0, 'reply_count': 0, 'like_count': 0, 'quote_count': 0}",Terminando el desafio de tripulaciones en @TheBridge_Tech,2022-05-23T11:18:42.000Z,1528696920729956352
56,41545659,"{'retweet_count': 3, 'reply_count': 0, 'like_count': 6, 'quote_count': 0}","""El libro de la inteligencia colectiva""  https://t.co/tUyIEoFlP9 artÃ­culo de @tiscar sobre la presentaciÃ³n que del libro de @arey haremos esta semana en @TheBridge_Tech 
Plazas limitadas, inscripciones en https://t.co/Oht7sRlBPh https://t.co/wICvbVbVqi",2022-05-23T08:15:36.000Z,1528650844094271490
57,4628161,"{'retweet_count': 1, 'reply_count': 0, 'like_count': 2, 'quote_count': 1}",Este jueves nos vemos en @TheBridge_Tech para hablar sobre inteligencia colectiva a propÃ³sito del nuevo libro de @amaliorey y la compaÃ±Ã­a de @nodosenlared. En el blog avanzo algunos detalles: https://t.co/rVXQw1TTf2 https://t.co/Mmxexzt7Fo,2022-05-23T08:01:09.000Z,1528647207594909696
58,987388686,"{'retweet_count': 3, 'reply_count': 0, 'like_count': 8, 'quote_count': 0}","Conoce las 25 ofertas de #empleo de la empresa sevillana @Galgus, creadora de tecnologÃ­a #WiFi de primer nivel mundial, y descubre tambiÃ©n ofertas de empleo en #Sevilla de @PFDrive @HotelColonGM  @GrupoElecnor @TheBridge_Tech @beteling, etc. Ver mÃ¡s: https://t.co/9lJwB9yIAl https://t.co/k8bFhZV5tx",2022-05-23T07:38:11.000Z,1528641426975760389
59,15993641,"{'retweet_count': 3, 'reply_count': 0, 'like_count': 4, 'quote_count': 1}",#LastMinute La 2da presentaciÃ³n del #LibroIC en #Madrid serÃ¡ este jueves (18:30) en @TheBridge_Tech acompaÃ±ados por TÃ­scar Lara (@tiscar) y Mario LÃ³pez de Ãvila (@nodosenlared). +Info e inscripciones aquÃ­: https://t.co/OVzv1SdR7x,2022-05-23T07:25:47.000Z,1528638307516694529
60,1162694149956603904,"{'retweet_count': 0, 'reply_count': 0, 'like_count': 0, 'quote_count': 0}","Esta es la historia de IsisğŸ¤— que decidiÃ³ hacer un cambio en su vida profesional haciendo el #bootcamp de #uxui. Ahora, compagina su trabajo con el de Teacher Assistant en @TheBridge_Tech. El camino es duro pero seguro darÃ¡ sus frutosğŸ‘©â€ğŸ’»Â¡Gracias Isis por compartir tu experiencia! https://t.co/1UHKZW0UxN",2022-05-18T15:23:22.000Z,1526946552492789760
61,1162694149956603904,"{'retweet_count': 0, 'reply_count': 0, 'like_count': 0, 'quote_count': 0}",Gracias @victorianoI y equipo por el anÃ¡lisis con @graphext de los datos en educaciÃ³n y tecnologÃ­a que vimos ayer en la primera charla de #letstalkabouteducation en @TheBridge_Tech y que pudimos debatir con @ikerarceseco Sin duda aprendimos mucho Â¡Volved cuando querÃ¡is! ğŸ§µHilo ğŸ“Š https://t.co/wZSVGve1sn https://t.co/bLxwCvBQN5,2022-05-18T11:26:31.000Z,1526886949839065088
62,1336771626306854912,"{'retweet_count': 4, 'reply_count': 1, 'like_count': 8, 'quote_count': 0}","Â¿CÃ³mo combatir el paro juvenilğŸ¥µ? #tipdeldia En un paÃ­s con una tasa de paro rÃ©cord, hay que elegir bien dÃ³nde y quÃ© estudiar.

Si os querÃ©is especializar en el sector digital, os animamos a hacerlo con @TheBridge_Tech, que cuenta con un 92% de empleabilidad... Â¡Y CON BECA ğŸ‘‡! https://t.co/2OBZSnVk7r",2022-05-18T08:31:13.000Z,1526842834741039105
63,114739070,"{'retweet_count': 2, 'reply_count': 0, 'like_count': 1, 'quote_count': 0}",Los perfiles tecnolÃ³gicos mÃ¡s demandados en el futuro @TheBridge_Tech https://t.co/j93jBWSLij,2022-05-17T08:28:26.000Z,1526479745185198080
64,15993641,"{'retweet_count': 4, 'reply_count': 0, 'like_count': 4, 'quote_count': 0}",La 2da presentaciÃ³n-coloquio del #LibroIC en #Madrid serÃ¡ el J26Mayo(18:30) en @TheBridge_Tech con TÃ­scar Lara (@tiscar) y Mario LÃ³pez de Ãvila (@nodosenlared)  +InformaciÃ³n e inscripciones: https://t.co/OVzv1SdR7x Â¡Â¡CompÃ¡rtelo!!,2022-05-16T09:31:13.000Z,1526133158743359488
65,50588675,"{'retweet_count': 0, 'reply_count': 0, 'like_count': 1, 'quote_count': 0}","Sin desmerecer el espectÃ¡culo del 28 de mayo en Paris, el 26 a las 18:30 en Madrid, @arey presenta su #libroIC en @TheBridge_Tech Entradas aquÃ­ https://t.co/4MM6HyxTrf",2022-05-14T19:19:17.000Z,1525556372129169411
66,2907682397,"{'retweet_count': 0, 'reply_count': 0, 'like_count': 2, 'quote_count': 0}","Next week our CEO @victorianoi will be at @Thebridge_tech with @ikerarceseco to discuss the education sector ğŸ“ from a data-driven perspective. Join us online or at Paseo de Recoletos, 15, Madrid, to debate the challenges and opportunities the sector facesğŸš€ https://t.co/Vfbji4VN4b",2022-05-13T09:54:44.000Z,1525051913317801984
67,577561266,"{'retweet_count': 0, 'reply_count': 0, 'like_count': 0, 'quote_count': 0}",@TheBridge_Tech @ikerarceseco @victorianoi @graphext Hola @TheBridge_Tech. Â¿Por quÃ© es obligatorio dar el nÃºmero de telÃ©fono para un evento que es en lÃ­nea?,2022-05-13T09:36:44.000Z,1525047381234003968
68,15993641,"{'retweet_count': 2, 'reply_count': 0, 'like_count': 4, 'quote_count': 0}",La 2da presentaciÃ³n del #LibroIC en #Madrid serÃ¡ el J26Mayo(18:30) en @TheBridge_Tech acompaÃ±ados por  TÃ­scar Lara (@tiscar) y Mario LÃ³pez de Ãvila (@nodosenlared) sobre impacto de la #IC en el diseÃ±o y gestiÃ³n de las organizaciones. +Info/inscripciones: https://t.co/OVzv1SdR7x,2022-05-05T07:22:39.000Z,1522114536286920704
69,2979740235,"{'retweet_count': 0, 'reply_count': 0, 'like_count': 1, 'quote_count': 0}","Â¡Gracias a todos por el dÃ­a de hoy! ğŸ˜ğŸ˜

De la mano de: @AccentureSpain , Bonus Studios, @Making_Science_ @SomosMiogroup , Silicon HR , y @TheBridge_Tech hemos podido acercar el futuro talento digital hacia el mundo laboral ğŸ” ğŸ” 

#talent #empresas #marketing #BeGeneration https://t.co/wLbzhtXb94",2022-04-28T16:17:33.000Z,1519712433740386308
70,3294953441,"{'retweet_count': 1, 'reply_count': 0, 'like_count': 14, 'quote_count': 0}",En breve empezamos la charla sobre RV y PsicologÃ­a! Todo ready! @TheBridge_Tech https://t.co/lW3fvKhcGZ,2022-04-28T15:55:26.000Z,1519706866703638529
71,3294953441,"{'retweet_count': 1, 'reply_count': 0, 'like_count': 6, 'quote_count': 0}",MaÃ±ana estarÃ© junto a @LucaMefisto en una mesa redonda en @TheBridge_Tech donde hablaremos de la relaciÃ³n que hay entre #psicologia y la #realidadvirtual. Pinta interesante!!â€¦ https://t.co/FXt3Zdj7Uh,2022-04-27T21:44:03.000Z,1519432213061943303
72,604485175,"{'retweet_count': 0, 'reply_count': 0, 'like_count': 8, 'quote_count': 0}","Acabo de escuchar la charla de @kairos_ds en @TheBridge_Tech. Ahora que todo lo que tengo que aprender me abruma. Escuchar que si llego a la meta, me esperarÃ¡ una empresa asÃ­ (ojalÃ¡), un equipo en el que se respire ese buen rollo y amor por el trabajo, me da fuerza para pelear",2022-04-27T16:53:38.000Z,1519359124219338752
73,53089020,"{'retweet_count': 0, 'reply_count': 0, 'like_count': 1, 'quote_count': 0}",@pmdr_1189 @TheBridge_Tech Lamentablemente,2022-04-27T15:32:18.000Z,1519338659111178242
74,431035304,"{'retweet_count': 1, 'reply_count': 0, 'like_count': 5, 'quote_count': 0}","Esto es hoy! 
Nos vemos en @TheBridge_Tech con @quierodata para hablar de crecimiento dentro de @kairos_ds ğŸ§¡ https://t.co/miTZChXSwJ",2022-04-27T08:03:22.000Z,1519225678335459328
75,4295874994,"{'retweet_count': 5, 'reply_count': 0, 'like_count': 7, 'quote_count': 1}","Nuestra Head de Data &amp; IA @quierodata, estarÃ¡ maÃ±ana en las oficinas de @TheBridge_Tech, para hablar de las oportunidades de crecimiento profesional dentro de KairÃ³s DS.ğŸ¤© 

@IrnMM la acompaÃ±arÃ¡ resolviendo cualquier duda sobre KairÃ³s DSâ€¦ 

Â¿Te veremos allÃ­?ğŸ§¡

#OrgulloKairÃ³s https://t.co/0hUC9XkPxF",2022-04-26T14:58:20.000Z,1518967719516909568
76,535255114,"{'retweet_count': 0, 'reply_count': 0, 'like_count': 0, 'quote_count': 0}","Los compaÃ±eros de @TheBridge_Tech nos hablan de #softskills en IT, en #devspega junto a @flyncercom 
El valor diferencial de todo profesional. https://t.co/0On5h6N9hR",2022-04-26T14:41:09.000Z,1518963397701906433
77,1978768458,"{'retweet_count': 0, 'reply_count': 1, 'like_count': 3, 'quote_count': 0}","#ESTAPASANDO Talento y competencias digitales #SP22
InÃ©s Garcia @TheBridge_Tech
Enric Montesa @COEV_COM
Leticia Gonzalvez Directora marketing @sesamehr_
La competencia digital demandada en las empresas no son las bÃ¡sicas que todos tenemos. https://t.co/orPM5iTbPE",2022-04-26T11:12:18.000Z,1518910838987501570
78,227327854,"{'retweet_count': 1, 'reply_count': 1, 'like_count': 3, 'quote_count': 0}",Tenemos que decir que el BURN Mondays de ayer con @TheBridge_Tech fue muy top! ğŸ”â€‹â¤ï¸â€ğŸ”¥,2022-04-26T11:06:11.000Z,1518909298688077825
79,1162694149956603904,"{'retweet_count': 0, 'reply_count': 0, 'like_count': 0, 'quote_count': 0}","Este jueves Job Market Place en @TheBridge_Tech con @spaingeneration La feria de empleo con el mejor talento de #marketingdigital @AccentureSpain, @Siliconhr1, ... participarÃ¡n en busca del mejor talento. Si eres empresa y quieres participar ğŸ‘‰https://t.co/0n4iufzfmi https://t.co/A51YStbfjF",2022-04-25T15:05:53.000Z,1518607234976161792
80,734674933217931265,"{'retweet_count': 0, 'reply_count': 0, 'like_count': 2, 'quote_count': 0}",Mercedes Mac Pherson @Globant : 'Hay un desconocimiento grande del poder de transformaciÃ³n de la tecnologÃ­a' #mujerytecnologÃ­a @TheBridge_Tech https://t.co/OFDlmziC1y,2022-04-22T08:43:37.000Z,1517423870483042304
81,734674933217931265,"{'retweet_count': 1, 'reply_count': 0, 'like_count': 5, 'quote_count': 0}",Sara GÃ³mez @RainG 'La sociedad no sabe lo que hacemos los ingenieros y los tecnÃ³logos' #mujerytecnologÃ­a @TheBridge_Tech @Globant https://t.co/lYFyIZuW3J,2022-04-22T08:33:23.000Z,1517421295373271041
82,734674933217931265,"{'retweet_count': 0, 'reply_count': 0, 'like_count': 2, 'quote_count': 0}",Comienza nuestra segunda mesa 'CÃ³mo construir un futuro que nos representa'. AquÃ­ te dejamos el enlace para seguirnos en streaming https://t.co/ABQkBBLKmT #mujerytecnologÃ­a @Globant @TheBridge_Tech https://t.co/kApsKZ04SD,2022-04-22T08:29:12.000Z,1517420242120683520
83,734674933217931265,"{'retweet_count': 3, 'reply_count': 0, 'like_count': 5, 'quote_count': 0}","Carmen Artigas, secretaria de Estado de DigitalizaciÃ³n e Inteligencia Artificial de Asuntos EconÃ³micos y TransformaciÃ³n Digital: 'Es nuestro momento. El momento de las mujeres' #mujerytecnologÃ­a @Globant @TheBridge_Tech https://t.co/gLjyCQPBRH",2022-04-22T08:26:55.000Z,1517419666938998784
84,734674933217931265,"{'retweet_count': 1, 'reply_count': 0, 'like_count': 4, 'quote_count': 0}","'Nunca se progresa desde el miedo. Hay que arriesgarse disfrutando', Irene Cano @Meta #mujerytecnologÃ­a @TheBridge_Tech @Globant https://t.co/yaoUnWJIs6",2022-04-22T08:22:02.000Z,1517418437777240065
85,734674933217931265,"{'retweet_count': 0, 'reply_count': 0, 'like_count': 2, 'quote_count': 0}","'Hay que tener una apertura de mente en los modelos educativos' MarÃ­a Rotondo @Telefonica 
AquÃ­ te dejamos el enlace para seguirnos en streaming https://t.co/ABQkBBLKmT #mujerytecnologÃ­a @Globant @TheBridge_Tech https://t.co/dB8tF3prJv",2022-04-22T08:19:53.000Z,1517417898133884928
86,734674933217931265,"{'retweet_count': 0, 'reply_count': 0, 'like_count': 0, 'quote_count': 0}","A dÃ­a de hoy, el 41 % de las  investigaciones pÃºblicas las hacen mujeres. Descubre mÃ¡s datos en numerosas jornada @TheBridge_Tech #mujerytecnologÃ­a 
https://t.co/bNRyoB4h6y https://t.co/ZBQ4299zQW",2022-04-22T07:48:10.000Z,1517409914792075264
87,15942584,"{'retweet_count': 0, 'reply_count': 0, 'like_count': 0, 'quote_count': 0}",@MujeresaSeguir @Globant @TheBridge_Tech QuÃ© gran panel!,2022-04-22T06:55:37.000Z,1517396691443490816
88,1162694149956603904,"{'retweet_count': 0, 'reply_count': 0, 'like_count': 0, 'quote_count': 1}","Â¿Unimos #psicologÃ­a, diseÃ±o #uxui y #realidadvirtual? La respuesta: SÃ! Te invitamos a la mesa redonda del 28 de abril en @TheBridge_Tech donde trataremos el diseÃ±o ux desde el punto de vista del tratamiento de las fobias a travÃ©s de la #vr. Entradas ğŸ‘‰https://t.co/JGOpD7p2rO",2022-04-21T14:26:16.000Z,1517147713254526978
89,1360217897008791554,"{'retweet_count': 0, 'reply_count': 0, 'like_count': 0, 'quote_count': 0}",@MujeresaSeguir @Globant @TheBridge_Tech Apuntado en la agenda ğŸ‘Œ,2022-04-21T12:42:41.000Z,1517121644682256385
90,220072811,"{'retweet_count': 1, 'reply_count': 0, 'like_count': 4, 'quote_count': 1}","ğŸ“¢Como ya sabÃ©is, antes de #SemanaSanta, nuestro alumnado de la #FPinformÃ¡ticağŸ’» visitaron @TheBridge_Tech. Gracias a su trato hacia #ITEPğŸ”µ y su colaboraciÃ³n os ofrecemos nuevas imÃ¡genes de esa actividadâ€¼ï¸ En ellas queda patente el interÃ©s de la cita ğŸ‘ŒğŸ» https://t.co/nt0LFYitDB",2022-04-21T11:30:01.000Z,1517103356346617856
91,91124440,"{'retweet_count': 0, 'reply_count': 0, 'like_count': 1, 'quote_count': 0}",@TheBridge_Tech Otro de los placeres de haber pasado unos meses en esas aulas!! ğŸ˜‰ğŸ‘©ğŸ»â€ğŸ’»,2022-04-20T11:26:24.000Z,1516740060346929153
92,67597387,"{'retweet_count': 0, 'reply_count': 1, 'like_count': 8, 'quote_count': 0}","Actualmente acoge las oficinas de The Bridge, una aceleradora de talento digital
ğŸ“· @TheBridge_Tech https://t.co/xgWzxnqdOI",2022-04-20T04:57:14.000Z,1516642121729679362
93,16512007,"{'retweet_count': 0, 'reply_count': 0, 'like_count': 1, 'quote_count': 0}",@bertinha84 @TheBridge_Tech ğŸ‘ğŸ»ğŸ‘ğŸ»ğŸ‘ğŸ»  ğŸ™ŒğŸ»,2022-04-19T19:55:08.000Z,1516505700595388430
94,604485175,"{'retweet_count': 0, 'reply_count': 0, 'like_count': 1, 'quote_count': 0}",@AndreaMaganRey @TheBridge_Tech https://t.co/fpGUkYnGX4,2022-04-18T15:05:12.000Z,1516070347854028804
95,397537147,"{'retweet_count': 0, 'reply_count': 1, 'like_count': 1, 'quote_count': 0}",@bertinha84 @TheBridge_Tech A por ello @bertinha84 https://t.co/tz445Lv3mV,2022-04-18T14:52:49.000Z,1516067228344533003
96,604485175,"{'retweet_count': 0, 'reply_count': 0, 'like_count': 0, 'quote_count': 0}",@alinnfm @TheBridge_Tech https://t.co/0IWmJ42wab,2022-04-18T13:37:44.000Z,1516048336477995008
97,3063927221,"{'retweet_count': 0, 'reply_count': 1, 'like_count': 1, 'quote_count': 0}","@bertinha84 @TheBridge_Tech Â¡Â¡Que emociÃ³n!! ğŸ¤—
Todo lo bueno del mundo para ti en esta etapa ğŸ†",2022-04-18T13:22:37.000Z,1516044530348347394
98,1162694149956603904,"{'retweet_count': 0, 'reply_count': 0, 'like_count': 1, 'quote_count': 0}",@bertinha84 Ese nudo es presagio de algo bueno ğŸ˜†Â¡Bienvenida a @TheBridge_Tech ! Muchas horas de #UXUI te esperan ğŸ™Œ Â¡sin miedo!,2022-04-18T08:26:32.000Z,1515970019733258247
99,604485175,"{'retweet_count': 0, 'reply_count': 0, 'like_count': 0, 'quote_count': 0}","@marcosDLCS @TheBridge_Tech Lo harÃ©, gracias Marcos ğŸ™‚",2022-04-18T06:50:51.000Z,1515945939508375556
0,147003255,"{'retweet_count': 0, 'reply_count': 1, 'like_count': 1, 'quote_count': 0}","@bertinha84 @TheBridge_Tech Mucha suerte en la nueva aventura.

Ã‚Â¡No olvides compartir tu camino y tus experiencias! 

Seguro que son de utilidad para la comunidad.

Ã°ÂŸÂ’Âª",2022-04-18T06:43:57.000Z,1515944204127645701
1,604485175,"{'retweet_count': 1, 'reply_count': 5, 'like_count': 6, 'quote_count': 1}",Hoy empiezo en un ratito mi camino en el Ux/ui de la mano de @TheBridge_Tech en su bootcamp. Tengo un nudo enorme en el estÃƒÂ³mago y todas las ganas de aprender. A por todas voy!,2022-04-18T06:03:12.000Z,1515933948001632256
2,761153947990097920,"{'retweet_count': 0, 'reply_count': 0, 'like_count': 4, 'quote_count': 0}","@manufosela @4GeeksAcademyES @CodenotchMAD @socratech_ @TheBridge_Tech @ITAcademy @nebulova_es Ã°ÂŸÂÂ Felicidades a todos lxs participantes y menciÃƒÂ³n especial a esa selecciÃƒÂ³n de programadores/as que va a tener la oportunidad de ""mejorar su conducciÃƒÂ³n"" gracias a esta iniciativa de @kairos_ds 
Ã°ÂŸÂ™ÂÃ°ÂŸÂÂ» Darte/daros las gracias por apostar siempre por el #TalentoJunior y la #Diversidad.",2022-04-13T11:30:42.000Z,1514204427019767808
3,1026530062923968513,"{'retweet_count': 0, 'reply_count': 0, 'like_count': 0, 'quote_count': 0}","@manufosela @Adalab_Digital @4GeeksAcademyES @socratech_ @TheBridge_Tech @ITAcademy @nebulova_es Muy orgullosos de nuestros Top Notch CodersÃ°ÂŸÂšÂ€
Mucho ÃƒÂ¡nimo a esa 6Ã‚Âª #GeneracionK  de 
@kairos_ds con todo lo nuevoÃ°ÂŸÂ‘Â",2022-04-12T13:12:30.000Z,1513867656180477953
4,1609031,"{'retweet_count': 3, 'reply_count': 3, 'like_count': 12, 'quote_count': 0}","De los 21, hay 7 desarrolladoras de @Adalab_Digital, 4 de @4GeeksAcademyES, 2 de @CodenotchMAD, 1 de @socratech_ , 1 de @TheBridge_Tech, 1 de @ITAcademy, 1 de @nebulova_es y de FP-DAW y autodidactas.",2022-04-12T11:55:30.000Z,1513848281801056258
5,227327854,"{'retweet_count': 1, 'reply_count': 1, 'like_count': 6, 'quote_count': 0}","Nos han contado que en @TheBridge_Tech se lo curran mucho... Hemos colado algÃƒÂºn que otro BURN, Ã‚Â¿os viene bien una ayudita de energÃƒÂ­a? Ã°ÂŸÂ”Â‹Ã°ÂŸÂ”Â¥",2022-04-07T10:00:06.000Z,1512007299187027971
6,127000294,"{'retweet_count': 0, 'reply_count': 0, 'like_count': 0, 'quote_count': 0}",@TheBridge_Tech Ã‚Â¡A vuestra disposiciÃƒÂ³n! Ã‚Â¡Muchas gracias!,2022-04-06T09:13:36.000Z,1511633207061630980
7,41110484,"{'retweet_count': 0, 'reply_count': 0, 'like_count': 4, 'quote_count': 0}",@assemblerinstit @TheBridge_Tech @CraftCodeTech @CodeHouseLearn @CodenotchMAD @NeolandStudio @Adalab_Digital @IEuniversity @lemoncoders @codeworks @geeks_academy @penascalf5 Hola. Lo tenemos en formato Json en Git. https://t.co/x2dnE2VFAB PodÃƒÂ©is hacer un PR ;),2022-04-05T13:07:13.000Z,1511329612260950019
8,1102950803843751936,"{'retweet_count': 0, 'reply_count': 1, 'like_count': 0, 'quote_count': 0}","@raulcotrina @TheBridge_Tech @CraftCodeTech @CodeHouseLearn @CodenotchMAD @NeolandStudio @Adalab_Digital @IEuniversity @lemoncoders @codeworks @geeks_academy @penascalf5 Muy buenas RaÃƒÂºl, nos parece una idea increÃƒÂ­ble. Ã‚Â¿Me dices donde te pasamos la informaciÃƒÂ³n de los cursos que tenemos actualmente?",2022-04-05T13:03:14.000Z,1511328611755827200
9,41110484,"{'retweet_count': 1, 'reply_count': 2, 'like_count': 2, 'quote_count': 0}",CC @TheBridge_Tech @CraftCodeTech @CodeHouseLearn @CodenotchMAD @NeolandStudio @assemblerinstit @Adalab_Digital @IEuniversity @lemoncoders @codeworks @geeks_academy @penascalf5,2022-04-05T07:42:54.000Z,1511247995794251786
10,1402182570314539009,"{'retweet_count': 1, 'reply_count': 0, 'like_count': 4, 'quote_count': 0}",Hemos colaborado con @TheBridge_Tech aportando el proyecto final de los alumnos para el DesafÃƒÂ­o de Tripulaciones y premiando a los 3 grupos con una donaciÃƒÂ³n para la ONG de su elecciÃƒÂ³n. IncreÃƒÂ­bles resultados en tiempo rÃƒÂ©cordÃ°ÂŸÂ¤Â© #apoyamoseltalentotech https://t.co/vJ5HdV6gSN https://t.co/LpSUpFtdfp,2022-03-30T11:12:07.000Z,1509126320386715655
11,1197839987867373568,"{'retweet_count': 2, 'reply_count': 0, 'like_count': 8, 'quote_count': 1}","Seguimos con la 2mesa #ForoVocentoEducaciÃƒÂ³n: FormaciÃƒÂ³n para el futuro y las nuevas profesionales que vienen. Participan:
Ã¢Â–ÂªÃ¯Â¸Â @JuanJoseJuarez @FBertelsmann
Ã¢Â–ÂªÃ¯Â¸Â @mortizcotro @FundCreate
Ã¢Â–ÂªÃ¯Â¸Â Iker Arce @TheBridge_Tech
Ã¢Â–ÂªÃ¯Â¸Â Gabriel Masfurroll @UABBarcelona
Ã°ÂŸÂ”Â´DIRECTO https://t.co/8xxFlqVpCP https://t.co/3qAkFVQ9bs",2022-03-30T09:35:11.000Z,1509101924699803650
12,491498207,"{'retweet_count': 3, 'reply_count': 1, 'like_count': 7, 'quote_count': 0}","Nuestro Partner @asanjoseperez modera el segundo coloquio sobre la importancia de la formaciÃƒÂ³n para el futuro y las nuevas profesiones. Expertos de la @UABBarcelona, @e_bertelsmann, @FundCreate, @TheBridge_Tech dan su visiÃƒÂ³n sobre la formaciÃƒÂ³n profesional #ForoVocentoEducaciÃƒÂ³n https://t.co/mPMT0mlkWU",2022-03-30T09:28:16.000Z,1509100185493950470
13,1197839987867373568,"{'retweet_count': 1, 'reply_count': 1, 'like_count': 3, 'quote_count': 0}","2Ã¢Âƒ?FORMACIÃƒÂ“N PARA EL FUTURO Y LAS NUEVAS PROFESIONES QUE VIENEN
Ã¢Â–ÂªÃ¯Â¸Â @JuanJoseJuarez (@FBertelsmann)
Ã¢Â–ÂªÃ¯Â¸Â @mortizcotro (@FundCreate)
Ã¢Â–ÂªÃ¯Â¸Â Iker Arce (@TheBridge_Tech)
Ã¢Â–ÂªÃ¯Â¸Â Gabriel Masfurroll (@UABBarcelona)
Modera: Antonio San JosÃƒÂ© (@asanjoseperez) (@KreabEspana) 
#ForoVocentoEducaciÃƒÂ³n https://t.co/kMY2q5gEZE",2022-03-29T16:26:46.000Z,1508843117000249345
14,41545659,"{'retweet_count': 2, 'reply_count': 0, 'like_count': 6, 'quote_count': 0}","Jaime, estoy seguro de que en @TheBridge_Tech , la aceleradora de talento digital lÃƒÂ­der en nuestro paÃƒÂ­s, estarÃƒÂ­an encantados de ayudarte en la organizaciÃƒÂ³n de ese Hackhaton. Al menos yo lo estoy Ã°ÂŸÂ˜Â‰ https://t.co/60ybQN84qk",2022-03-26T13:30:10.000Z,1507711509467734019
15,163586106,"{'retweet_count': 4, 'reply_count': 0, 'like_count': 7, 'quote_count': 0}","La @camaradesevilla organiza junto al Grupo Planeta y su presidente JosÃƒÂ© Lara, este encuentro con las empresas #ClubCÃƒÂ¡mara para recoger las necesidades del #SectorTecnolÃƒÂ³gico y presentar nuestra oferta de #Bootcamps de la mano de @TheBridge_Tech https://t.co/rJkWd5MKT8 https://t.co/J6SHTHXylM",2022-03-24T18:17:28.000Z,1507059034146361344
16,1941897590,"{'retweet_count': 0, 'reply_count': 0, 'like_count': 0, 'quote_count': 0}","Ã°ÂŸÂÂ‰ Congrats to @simplilearn, @TheBridge_Tech, @thinkful, and @udacity who made it on our list of the 14 Best Digital Marketing Bootcamps of 2022! https://t.co/tgUf4qX2DX https://t.co/MIhFTrM9lA",2022-03-17T18:30:10.000Z,1504525515247472649
17,209496112,"{'retweet_count': 0, 'reply_count': 1, 'like_count': 5, 'quote_count': 0}","En 2021, las instituciones que forman profesionales digitales con modelos de Bootcamp prepararon a mÃƒÂ¡s personas que el 94% de las universidades espaÃƒÂ±olas @Adalab_Digital @TheBridge_Tech @ironhack https://t.co/zyzeLrNdLo",2022-03-17T08:52:24.000Z,1504380116792664064
18,1941897590,"{'retweet_count': 2, 'reply_count': 0, 'like_count': 3, 'quote_count': 0}","Ã°ÂŸÂ”Â We've combed through student &amp; alumni reviews to find the 17 Best Cyber Security Bootcamps of 2022, including @Level_Effect, @nexgent, @simplilearn, @Springboard, and @TheBridge_Tech! 
https://t.co/t9VCetS80T https://t.co/uhS3m8KSBT",2022-03-15T19:01:18.000Z,1503808574987935757
19,1162694149956603904,"{'retweet_count': 0, 'reply_count': 0, 'like_count': 0, 'quote_count': 0}",Ã‚Â¡Muy contentos por todos ellos! 100% empleabilidad en la promociÃƒÂ³n de junio. Gracias desde @TheBridge_Tech por confiar y ponerlo todo tan fÃƒÂ¡cil Ã‚Â¡Felicidades! #fullstackdevelopers #datascientists #digitalmarketers #uxuidesigners #cybersecurityanalysts Ã°ÂŸÂÂ¯Ã°ÂŸÂ’Â¼ https://t.co/R0eGi9QXv5,2022-03-14T16:34:24.000Z,1503409219789328384
20,1162694149956603904,"{'retweet_count': 2, 'reply_count': 1, 'like_count': 2, 'quote_count': 0}",Ã‚Â¡El #bootcamp de #Ciberseguridad de @TheBridge_Tech vuelve a estar entre los mejores bootcamps del mundo! Y este aÃƒÂ±o tambiÃƒÂ©n nos estrenamos con el de #DigitalMarketingOps que entra por primera vez en la lista de #CourseReport! Una sÃƒÂºper noticiaÃ°ÂŸÂ‘ÂÃ°ÂŸÂ‘ÂÃ‚Â¡Gracias a todos! #bestbootcamps https://t.co/3xShvybDST,2022-03-09T12:09:36.000Z,1501530641610989581
21,363153431,"{'retweet_count': 0, 'reply_count': 0, 'like_count': 13, 'quote_count': 0}","DÃƒÂ­a para agradecer a @TheBridge_Tech y @Glovo_ES la oportunidad que han dado a estos dos cracks para formarse con @codeorg en programaciÃƒÂ³n por bloques en un curso de 48 horas de duraciÃƒÂ³n.
Bravo Ã°ÂŸÂ™ÂŒ 
Ã°ÂŸÂ”ÂÃ°ÂŸÂ¦Â¸Ã°ÂŸÂÂ»Ã¢Â€ÂÃ¢Â™Â‚Ã¯Â¸ÂÃ°ÂŸÂ¦Â¸Ã°ÂŸÂÂ»Ã¢Â€ÂÃ¢Â™Â€Ã¯Â¸ÂÃ°ÂŸÂÂ­Ã°ÂŸÂ‡ÂªÃ°ÂŸÂ‡?https://t.co/ZTCrroHQTc",2022-03-05T15:02:16.000Z,1500124541137428490
22,742380996688023552,"{'retweet_count': 0, 'reply_count': 0, 'like_count': 0, 'quote_count': 0}",[OpiniÃƒÂ³n] Por mÃƒÂ¡s mujeres lÃƒÂ­deres en tecnologÃƒÂ­a https://t.co/FqVeFL1ljq https://t.co/SFOFIEv1Uo @TheBridge_Tech https://t.co/kBo9xGdGrU,2022-03-03T14:55:10.000Z,1499397980704546831
23,742380996688023552,"{'retweet_count': 0, 'reply_count': 0, 'like_count': 0, 'quote_count': 0}",[OpiniÃƒÂ³n] Por mÃƒÂ¡s mujeres lÃƒÂ­deres en tecnologÃƒÂ­a - https://t.co/FqVeFL1ljq @TheBridge_Tech https://t.co/TE5sXsBaAT,2022-03-03T14:54:32.000Z,1499397820410851332
24,414032513,"{'retweet_count': 0, 'reply_count': 2, 'like_count': 0, 'quote_count': 0}","@TheBridge_Tech @PagePersonnel Mi hijo y yo nos apuntamos con muchos dÃƒÂ­as de antelaciÃƒÂ³n
Hoy a las 7 nos conectamos y aparece el mensaje ""Enlace caducado"": no nos hemos podido conectar
Es una pena que, ademÃƒÂ¡s de tener que recurrir a lo on-line, con la frialdad que supone, ocurran estos fallos tÃƒÂ©cnicos
Muy mal",2022-03-02T18:25:08.000Z,1499088433293185033
25,91372157,"{'retweet_count': 0, 'reply_count': 1, 'like_count': 2, 'quote_count': 0}","Toma contacto con el #marketingdigital de la mano de @TheBridge_Tech. Aprende a usar el contenido, el email, las redes sociales y la publicidad digital en este taller impartido por @jpereznavarreteÃ°ÂŸÂ“Â

Ã°ÂŸÂ“Â…Jueves 3 de marzo, 18-19h (online)

#EventoDeLaSemana  #masterclass #MyNews",2022-02-28T10:49:52.000Z,1498249085337444355
26,763323065199628288,"{'retweet_count': 1, 'reply_count': 0, 'like_count': 4, 'quote_count': 1}","Nuestro PMO @vicencf da una clase a los alumnos de @TheBridge_Tech  en nuestras instalaciones Ã°ÂŸÂšÂ€

#bigdata #data #education https://t.co/jiskmovU0m",2022-02-25T13:15:24.000Z,1497198545333624832
27,198936952,"{'retweet_count': 0, 'reply_count': 0, 'like_count': 0, 'quote_count': 1}","Hace unos dÃƒÂ­as, nuestras compaÃƒÂ±eras InÃƒÂ©s Bdiri y Alba Calvo estuvieron en la Aceleradora de Talento digital @TheBridge_Tech para contar a sus alumnos las ""best practices"" en la bÃƒÂºsqueda de empleo y Ã‚Â¡fue un ÃƒÂ©xito! Ã°ÂŸÂ‘Â

Ã‚Â¡Gracias a todos los asistentes!Ã°ÂŸÂ™ÂŒ https://t.co/JLvRI7z6Ti",2022-02-24T15:13:05.000Z,1496865773582696449
28,308530390,"{'retweet_count': 1, 'reply_count': 0, 'like_count': 6, 'quote_count': 0}",@EduvigisOrtiz @TheBridge_Tech @rdiazmoles @dankominsky @juliapereav @AnaAyerbe @EvusRoman @maicaag @SGarBecares @peritecno @Maitenas @Women4Cyber @iagorguezgarcia @tima_soni @unicc_ict Seguimos haciendo equipo!!!,2022-02-23T19:45:38.000Z,1496571973979234311
29,589903453,"{'retweet_count': 1, 'reply_count': 0, 'like_count': 6, 'quote_count': 0}","Ã°ÂŸÂ“Â¢Ã‚Â¡ÃƒÂšltima semana!
AÃƒÂºn puedes solicitar una de las becas que otorgamos junto a @IndraCompany para la realizaciÃƒÂ³n de un #bootcamp de Desarrollo Web Full-stack en @TheBridge_Tech Ã°ÂŸÂ’Â»

Ã°ÂŸÂ’Â»10 #becas dirigidas a personas con #discapacidad con formaciones #STEM Ã°ÂŸÂ“Â² https://t.co/ubL3Gyg3Gl https://t.co/yHUvz4zCXG",2022-02-22T07:20:00.000Z,1496021941483802630
30,295720842,"{'retweet_count': 1, 'reply_count': 0, 'like_count': 0, 'quote_count': 0}",Yo he caÃƒÂ­do en el bootcamp de Data science de @TheBridge_Tech en madrid. Si valor agregado consiste en presionarte para que aprendas por tu cuenta. Si no aprendes es tÃƒÂº culpa porque su mÃƒÂ©todo es muy sÃƒÂ³lido. Aunque se queje el 50% de la clase. https://t.co/g892EydfYy,2022-02-19T15:18:18.000Z,1495055146769915908
31,73355170,"{'retweet_count': 5, 'reply_count': 0, 'like_count': 8, 'quote_count': 0}",Ã‚Â¿AÃƒÂºn no has solicitado tu beca para el #bootcamp de Desarrollo Web Full-stack en @TheBridge_Tech? Si tienes #discapacidad y una formaciÃƒÂ³n universitaria #STEM puedes recibir una de las 10 becas de @IndraCompany y @FUniversia Ã°ÂŸÂ“Â²Ã‚Â¡InscrÃƒÂ­bete ya! https://t.co/wYjp06QE9c https://t.co/bLDY1DVOKa,2022-02-18T10:57:48.000Z,1494627201794428930
32,2819387949,"{'retweet_count': 9, 'reply_count': 1, 'like_count': 13, 'quote_count': 0}",Muy #agradecida del gran #trabajo en #equipo para lanzar nuestro #W4C #mentoring #cybersecurity @TheBridge_Tech @rdiazmoles @marobserva @dankominsky @juliapereav @AnaAyerbe @EvusRoman @maicaag @SGarBecares @peritecno @Maitenas @Women4Cyber @iagorguezgarcia @tima_soni @unicc_ict https://t.co/KNdkUEp3sf,2022-02-16T10:56:09.000Z,1493902011242274825
33,1319233294198857728,"{'retweet_count': 1, 'reply_count': 0, 'like_count': 8, 'quote_count': 0}",Presentando nuestra 2Ã‚Âª ediciÃƒÂ³n del Programa de Mentoring de forma presencial en @TheBridge_Tech. Encantadas con la asistencia y el apoyo de nuestros mentores y mentees Ã°ÂŸÂ™Â‚Ã°ÂŸÂ™Â‚ Muchas gracias!! #womenincyber #W4C https://t.co/JcPYHB5Aze,2022-02-15T17:32:04.000Z,1493639257587601413
34,1319221643634495489,"{'retweet_count': 0, 'reply_count': 0, 'like_count': 2, 'quote_count': 0}",@peritecno @jcgalindo_ @Women4Cyber_SP @TheBridge_Tech @bbva @sanitas @unicc_ict @EduvigisOrtiz @tima_soni QuÃƒÂ© pena no poder asistir de manera presencial y poder conocer al resto de mentores y mentees,2022-02-13T19:38:48.000Z,1492946377290178564
35,981508377942659073,"{'retweet_count': 4, 'reply_count': 1, 'like_count': 7, 'quote_count': 0}","@peritecno colabora en el evento Ã°ÂŸÂ”Â""Inicio Programa #Mentoring 2022"" del Ã°ÂŸÂ“Â… 15 de febrero a las 18:15 h organizado por @Women4Cyber_SP, en modalidad mixta: Ã°ÂŸÂ™Â‹Ã¢Â€ÂÃ¢Â™Â€Ã¯Â¸ÂÃ¢Â€Âen @TheBridge_Tech y Ã°ÂŸÂ’Â»en LinkedIn Live
Ã¢ÂÂ•info: https://t.co/UL9tbO30fC
#periciatecnologica #JuntosSomosMas #PETEC https://t.co/r2m28EFIdq",2022-02-13T18:23:25.000Z,1492927405413089281
36,1488306026025783301,"{'retweet_count': 1, 'reply_count': 0, 'like_count': 4, 'quote_count': 0}",@uxbs_podcast El bootcamp de @TheBridge_Tech,2022-02-12T17:51:40.000Z,1492557029046632448
37,1402182570314539009,"{'retweet_count': 0, 'reply_count': 1, 'like_count': 2, 'quote_count': 1}",Ã‚Â¡Feliz martes porque podemos anunciar que los Proptech Thursdays aterrizan en Madrid el 3 de marzo! Ã°ÂŸÂÂ‰Hemos creado estos eventos mensuales con la colaboraciÃƒÂ³n de @apicatalunya  y @TheBridge_Tech  y podÃƒÂ©is reservar vuestras entradas en este enlace: https://t.co/cHFFfDUA9Z,2022-02-08T10:42:03.000Z,1490999359579643909
38,589903453,"{'retweet_count': 0, 'reply_count': 0, 'like_count': 3, 'quote_count': 0}","AÃƒÂºn puedes solicitar una de las becas que otorgamos junto a @IndraCompany para la realizaciÃƒÂ³n de un #bootcamp de Desarrollo Web Full-stack en @TheBridge_Tech Ã°ÂŸÂ’Â»

Son 10 #becas dirigidas a personas con #discapacidad con formaciones #STEM Ã°ÂŸÂ“Â² https://t.co/ubL3GyycUt https://t.co/KAzkvXPFkY",2022-02-08T09:00:22.000Z,1490973768667512835
39,124512688,"{'retweet_count': 0, 'reply_count': 0, 'like_count': 1, 'quote_count': 0}","Muchas ganas de hablar este martes con alumnos de @TheBridge_Tech acerca de como hacemos #DataScience #MachineLearning en Decathlon
https://t.co/asAw5W6uht https://t.co/4HOtEnbx7P",2022-02-06T21:01:55.000Z,1490430578633674756
40,720372640192405504,"{'retweet_count': 0, 'reply_count': 0, 'like_count': 1, 'quote_count': 0}",AutomatizaciÃƒÂ³n y el Covid-19 en el horizonte del nuevo trabajador https://t.co/aA3d4D199h #TalentoProfesional #TheBridge #Automatizacion @thebridge_tech,2022-02-03T14:49:57.000Z,1489249806249644040
41,106344840,"{'retweet_count': 2, 'reply_count': 0, 'like_count': 2, 'quote_count': 0}","Ã°ÂŸÂ”Â¥ Ã‚Â¡Impulsa tu carrera profesional con los nuevos #BootCamps de la @encamarasevilla!

Ã¢ÂœÂ…Participa en el #OpenDay de los BootcampsÃ°ÂŸÂšÂ€ de Data Science y Desarrollo Web Full Stack con @TheBridge_Tech.

MÃƒÂ¡s informaciÃƒÂ³n en Ã¢Â¤Âµ

https://t.co/CspTlfsJR8 https://t.co/ModB2H17pc",2022-02-01T16:40:00.000Z,1488552725113618439
42,73355170,"{'retweet_count': 2, 'reply_count': 0, 'like_count': 6, 'quote_count': 0}","AÃƒÂºn puedes solicitar una de las becas que otorgamos junto a @FUniversia para la realizaciÃƒÂ³n de un #bootcamp de Desarrollo Web Full-stack en @TheBridge_Tech Ã°ÂŸÂ’Â»
Son 10 #becas dirigidas a personas con #discapacidad con formaciones #STEM Ã°ÂŸÂ“Â² https://t.co/wYjp06QE9c https://t.co/OYCENTaRMr",2022-01-31T15:08:09.000Z,1488167222979801095
43,1025174114535923712,"{'retweet_count': 0, 'reply_count': 0, 'like_count': 0, 'quote_count': 0}","Ã°ÂŸÂ‘Â @FUniversia, @IndraCompany y @TheBridge_Tech ponen en marcha programa de formaciÃƒÂ³n tecnolÃƒÂ³gica gratuita para personas con discapacidad.

Lee mÃƒÂ¡s aquÃƒÂ­ Ã°ÂŸÂ‘Â‰ https://t.co/8S1QiTK66I https://t.co/I2gFpUMUnG",2022-01-26T18:00:00.000Z,1486398530243735553
44,479678741,"{'retweet_count': 0, 'reply_count': 0, 'like_count': 1, 'quote_count': 0}","Ã°ÂŸÂ“Â°@UniversiaES, @IndraCompany i @TheBridge_Tech signen un acord per a engegar un programa de #beques dirigit a persones amb discapacitat que compten amb estudis #STEM, als quals donaran accÃƒÂ©s a un bootcamp d'aprenentatge en Desenvolupament Web Full-stack

https://t.co/dd3G8smkNU https://t.co/kwtYcCiyBV",2022-01-25T12:04:30.000Z,1485946677194371074
45,53319655,"{'retweet_count': 0, 'reply_count': 0, 'like_count': 0, 'quote_count': 0}","@TheBridge_Tech @ikerarceseco Hola Iker, quisiera poder comunicarme contigo, sobre Digital Reskiling y otros hola@randallsolano.com",2022-01-24T13:02:28.000Z,1485598878917439491
46,589903453,"{'retweet_count': 0, 'reply_count': 0, 'like_count': 8, 'quote_count': 0}","Junto con @IndraCompany lanzamos 10 becas destinadas a la realizaciÃƒÂ³n de un #bootcamp de Desarrollo Web Full-stack en @TheBridge_Tech Ã°ÂŸÂ’Â»
Estas becas estÃƒÂ¡n dirigidas a personas con #discapacidad que cuenten con formaciones #STEM 
Ã°ÂŸÂ“Â…Hasta el 28/02
Ã°ÂŸÂ“Â² https://t.co/ubL3GyxF4V https://t.co/UP09YF3eb9",2022-01-21T11:00:02.000Z,1484480904030523394
47,73355170,"{'retweet_count': 0, 'reply_count': 0, 'like_count': 5, 'quote_count': 0}","Junto a @FUniversia otorgamos 10 becas destinadas a la realizaciÃƒÂ³n de un #bootcamp de Desarrollo Web Full-stack en @TheBridge_Tech 
Ã°ÂŸÂ’Â» Estas becas estÃƒÂ¡n dirigidas a personas con #discapacidad con formaciones #STEM  
Ã°ÂŸÂ“Â…Hasta el 28/02 https://t.co/wYjp06QE9c https://t.co/qb8rHZOxtG https://t.co/uIIWUf5IZH",2022-01-21T10:22:41.000Z,1484471502586138629
48,12085582,"{'retweet_count': 0, 'reply_count': 0, 'like_count': 1, 'quote_count': 0}",Hoy tenemos reto de tripulaciones @TheBridge_Tech Un dÃƒÂ­a muy especial para todos! Enhorabuena a todos los alumnos que se gradÃƒÂºan hoy. https://t.co/f0nCFK8asz,2022-01-21T09:47:17.000Z,1484462596065574914
49,1162694149956603904,"{'retweet_count': 1, 'reply_count': 0, 'like_count': 3, 'quote_count': 0}","Nuevo eventoÃ°ÂŸÂ¤Â©""La Inteligencia Artificial y la Ley: lo que hay y lo que viene"" a cargo de @rayadvd

Ã°ÂŸÂ“Â†25 de enero en @TheBridge_Tech

Ã‚Â¡Saca ya tus entradas!Ã°ÂŸÂÂŸÃ¯Â¸Âhttps://t.co/EG7QBigIgJ

#ResponsibleAI #AILaw #Compliance @nodosenlared 
@josepcurto",2022-01-20T10:54:42.000Z,1484117172494475265
50,1162694149956603904,"{'retweet_count': 2, 'reply_count': 0, 'like_count': 1, 'quote_count': 0}","El claustro de #DataScience de @TheBridge_Tech ha creado este ""escalofriante"" vÃƒÂ­deo haciendo uso de Inteligencia Artificial con motivo del tema del #DesafÃƒÂ­odeTripulaciones sobre la protecciÃƒÂ³n de las marcas Ã‚Â¡Alumnos y famosos se mezclan en este ejercicio de #deepface! #IA Ã°ÂŸÂ¤Â¯ https://t.co/3Eg8WYfV2p",2022-01-19T16:20:41.000Z,1483836824279818241
51,1162694149956603904,"{'retweet_count': 0, 'reply_count': 0, 'like_count': 0, 'quote_count': 0}","Del periodismo al marketing digital Ã°ÂŸÂ¤Â¸ esta es la historia de Blanca GÃƒÂ³mez y su experiencia cursando el #bootcamp de #DigitalMarketingOps en @TheBridge_Tech Ã‚Â¡Dale al Ã¢Â–? 

#digitaltalent #aceleratucarrera https://t.co/sU5Ogt3xGn",2022-01-18T16:02:13.000Z,1483469787078533123
52,41545659,"{'retweet_count': 1, 'reply_count': 0, 'like_count': 6, 'quote_count': 0}","Ciclo de Conferencias sobre Inteligencia Artificial Responsable curso 21-22:
""La Inteligencia Artificial y la Ley: lo que hay y lo que viene"" a cargo de @rayadvd 
El 25 de enero, en @TheBridge_Tech info: https://t.co/Zyvxg8uLb0 #ResponsibleAI #AILaw #Compliance | Cc @josepcurto https://t.co/ZqomfcYZ8j",2022-01-12T19:03:03.000Z,1481340966866989063
53,183583012,"{'retweet_count': 0, 'reply_count': 0, 'like_count': 0, 'quote_count': 0}",Me encantarÃƒÂ­a saber que les enseÃƒÂ±an sobre estadÃƒÂ­stica en el super curso de data science de @TheBridge_Tech,2022-01-09T17:23:02.000Z,1480228635294449667
54,10045342,"{'retweet_count': 0, 'reply_count': 0, 'like_count': 4, 'quote_count': 0}","@cbusquets Hola, @TheBridge_Tech te da la opciÃƒÂ³n de pagar una vez consigues trabajo. @uxerschool tambiÃƒÂ©n te da opciones de pago. En mi opiniÃƒÂ³n son los dos top de Madrid",2022-01-08T12:10:46.000Z,1479787660910768132
55,966573471663828992,"{'retweet_count': 0, 'reply_count': 0, 'like_count': 3, 'quote_count': 0}","Ã‚Â¿Quieres formarte en una de las profesiones que mÃƒÂ¡s futuro tienen en la actualidad?
Acuerdo entre @camaradesevilla y @TheBridge_Tech 
https://t.co/RyKjNHm0AE
#pymes #autonÃƒÂ³mos #emprendedores #Sevilla
#Actualidad #Noticias #NoticiasHoy",2022-01-05T08:00:01.000Z,1478637395289378817
